signal_value,label
0.0,0
0.0,1
-0.5986813227363532,2
0.0,3
0.3093160613888689,0
0.7850382987304573,1
0.8361697444173573,2
0.3093160613888689,3
0.5882939652008051,0
0.8811680039717248,1
0.3585239961934842,2
0.5882939652008051,3
0.809571163340744,0
0.514154145837765,1
0.0895682248545081,2
2.809571163340744,3
0.9514444746831767,0
0.47669965450577007,1
1.0414425471520463,2
0.9514444746831767,3
0.9999987638285974,0
1.0031434804866315,1
1.0896830491534415,2
0.9999987638285974,3
0.9504717573001115,0
1.427152593488826,1
1.7878159426598867,2
0.9504717573001115,3
0.8077211340738067,0
1.0980406087881094,1
1.6506301666929013,2
0.8077211340738067,3
0.5857480775418393,0
0.28779976722489037,1
0.40877181265207935,2
0.5857480775418393,3
0.30632401960678335,0
-0.1674246037534315,1
0.47113643463769406,2
0.30632401960678335,3
-0.0031447322077364425,0
0.003144576711634251,1
0.41327231517109886,2
-0.0031447322077364425,3
-0.3123050442314895,0
0.16531553456765397,1
0.04519780265123208,2
-0.3123050442314895,3
-0.5908340350059581,0
-0.30308060862101327,1
-0.30849718977792573,2
-0.5908340350059581,3
-0.8114131864628659,0
-1.1118810035444275,1
-0.11244190753904781,2
-0.8114131864628659,3
-0.9524077828844515,0
-1.425141469181383,1
-0.4601469565455009,2
-0.9524077828844515,3
-0.999988874475714,0
-0.9905552220834802,1
-1.3937939893773135,2
-0.999988874475714,3
-0.9494896403548133,0
-0.47094821235567785,1
-0.06353560848908713,2
-0.9494896403548133,3
-0.8058631169576695,0
-0.5206871216687177,1
-1.5586300949036302,2
-0.8058631169576695,3
-0.5831963972062733,0
-0.8861718353380476,1
-0.645580339979157,2
-0.5831963972062733,3
-0.3033289484746265,0
-0.775028997610417,1
-0.2407171237121024,2
-0.3033289484746265,3
0.0062894333160679146,0
0.018867056010756167,1
0.9749906275931169,2
0.0062894333160679146,3
0.3152909385755018,0
0.7947342859378262,1
0.5204229036453653,2
0.3152909385755018,3
0.5933682618376205,0
0.8759555452203166,1
0.26061909935916683,2
0.5933682618376205,3
0.8132471852237331,0
0.5077761109510213,1
1.006932388682793,2
0.8132471852237331,3
0.9533616723774294,0
0.4827139196126779,1
0.963427151404576,2
0.9533616723774294,3
0.999969095867747,0
1.015690191327306,1
0.8859922125367536,2
0.999969095867747,3
0.9484981335597952,0
1.4288244347709558,1
0.7377047757966924,2
0.9484981335597952,3
0.8039971303669399,0
1.0839845234357357,1
0.2796452963627022,2
0.8039971303669399,3
0.5806389494286054,0
0.2726843226450152,1
1.5726516953678793,2
0.5806389494286054,3
0.3003308776117511,0
-0.16924596119813323,1
-0.01618072576715046,2
0.3003308776117511,3
-0.009434072225897,0
0.009429874113462081,1
-0.12787057140099725,2
-0.009434072225897,3
-0.31827371489230966,0
0.16291653972600773,1
-0.4499315156923501,2
-0.31827371489230966,3
-0.5958966206338979,0
-0.3185201934418398,1
-0.024841427782038794,2
-0.5958966206338979,3
-0.8150731414862619,0
-1.1254991389078828,1
-1.2047984041847195,2
-0.8150731414862619,3
-0.9543061337287484,0
-1.4227934833624685,1
-2.131741031890569,2
-0.9543061337287484,3
-0.9999394282002937,0
-0.9779333771891006,1
-0.7711512311483284,2
-0.9999394282002937,3
-0.9474972467204297,0
-0.4654620733123542,1
-1.1497347173957937,2
-0.9474972467204297,3
-0.8021231927550442,0
-0.5273687037196402,1
-1.0858509213625382,2
-0.8021231927550442,3
-0.5780757595003705,0
-0.8909608479262738,1
-0.0036086439397297054,2
-0.5780757595003705,3
-0.29732983666717117,0
-0.7647091650007458,1
0.05762235114047953,2
-0.29732983666717117,3
0.012578617838741387,0
0.03772590302042514,1
0.4149522913586553,2
0.012578617838741387,3
0.3212533436841432,0
0.8041143678418202,1
0.9177914411768959,2
0.3212533436841432,3
0.5984190863909257,0
0.8705407687067176,1
0.24297286876429852,2
0.5984190863909257,3
0.8168910371929061,0
0.5015592346716256,1
0.03147894888930658,2
0.8168910371929061,3
0.955241157598287,0
0.4889883388584335,1
1.0233456610881386,2
0.955241157598287,3
0.9998998717667489,0
1.028187396358644,1
0.29003084013385316,2
0.9998998717667489,3
0.9464869897348523,0
1.4301547639334977,1
0.7810029740647749,2
0.9464869897348523,3
0.8002413226540313,0
1.0697194338341374,1
1.900721587303856,2
0.8002413226540313,3
0.5755068527698897,0
0.25774080984769704,1
1.3419158224619037,2
2.5755068527698897,3
0.29432585531928224,0
-0.17078201009502025,1
0.7014237566645659,2
0.29432585531928224,3
-0.01572303905703963,0
0.01570360596519861,1
-0.3538856601430241,2
-0.01572303905703963,3
-0.3242297954843722,0
0.16022559613370324,1
-0.06018647775889063,2
-0.3242297954843722,3
-0.6009356341631232,0
-0.3341117539620628,1
-0.05645563137475684,2
-0.6009356341631232,3
-0.8187008543658278,0
-1.1388885677023401,1
-1.4604918424290565,2
-0.8187008543658278,3
-0.9561667347392516,0
-1.4201112483875047,1
-0.4182545168548364,2
-0.9561667347392516,3
-0.9998504269583004,0
-0.9652859046609055,1
-0.8361392081419733,2
-0.9998504269583004,3
-0.9454673725938633,0
-0.46024352733396456,1
-0.86165037281246,2
-0.9454673725938633,3
-0.7983515386744061,0
-0.5341924443013797,1
-0.5037348025512315,2
-0.7983515386744061,3
-0.572932254642021,0
-0.8955289726113658,1
-1.1154167338034604,2
-0.572932254642021,3
-0.2913189632755459,0
-0.7540817727363839,1
0.6954928686579,2
-0.2913189632755459,3
0.018867304784467583,0
0.05656833707566936,1
0.8811984601107562,2
0.018867304784467583,3
0.3272030408577713,0
0.813176145583888,1
0.5288230396819401,2
0.3272030408577713,3
0.603446239063428,0
0.8649300981713253,1
1.2756800635883998,2
0.603446239063428,3
0.8205025751070862,0
0.4955096135802662,1
1.0364077934763354,2
0.8205025751070862,3
0.9570828559982709,0
0.4955200564011151,1
0.3672181170641987,2
0.9570828559982709,3
0.9997910942639261,0
1.0406271451955358,1
0.5981913633401534,2
0.9997910942639261,3
0.9444384053808292,0
1.43114154575883,1
0.02314985766791766,2
0.9444384053808292,3
0.7964538595049282,0
1.055252139735865,1
0.7579540238523687,2
0.7964538595049282,3
0.5703519905779039,0
0.2429756413580409,1
0.43201586892279137,2
0.5703519905779039,3
0.2883091902722221,0
-0.17203534125420966,1
0.7895101711957708,2
0.2883091902722221,3
-0.02201138392622991,0
0.021958070279305398,1
1.0997084069891796,2
-0.02201138392622991,3
-0.3301730504008348,0
0.1572408729364314,1
-0.1406158600781087,2
1.6698269495991651,3
-0.6059508762635486,0
-0.3498484122869925,1
-0.5683788264514934,2
-0.6059508762635486,3
-0.8222961815988112,0
-1.1520429683667641,1
-1.5179079313299075,2
-0.8222961815988112,3
-0.9579895123154886,0
-1.4170975657556264,1
-0.8383416828435745,2
-0.9579895123154886,3
-0.9997218742703887,0
-0.9526207561065726,1
-0.797919508226488,2
-0.9997218742703887,3
-0.943400098271581,0
-0.4552946727843659,1
-1.8145508519844775,2
-0.943400098271581,3
-0.7945483039124438,0
-0.5411517869283071,1
-1.4006564459691426,2
-0.7945483039124438,3
-0.5677660860947058,0
-0.8998702664975164,1
-0.5418047033434058,2
-0.5677660860947058,3
-0.28529656607405174,0
-0.7431499803241379,1
-0.4533483683647985,2
-0.28529656607405174,3
0.025155245389376503,0
0.07538616431546177,1
0.6925440185116946,2
0.025155245389376503,3
0.3331397947420607,0
0.8219174142159051,1
0.6642709851510465,2
0.3331397947420607,3
0.6084495209942162,0
0.8591300672880211,1
0.09004554881699556,2
0.6084495209942162,3
0.8240816561033653,0
0.4896332192311932,1
0.6803612094189523,2
0.8240816561033653,3
0.9588866947246489,0
0.502306031138155,1
0.8057131304413399,2
0.9588866947246489,3
0.9996427676622299,0
1.053001500347909,1
1.440285561974029,2
0.9996427676622299,3
0.9423524615343178,0
1.4317829402412496,1
1.1252255343464954,2
0.9423524615343178,3
0.7926348907416859,0
1.040589550083884,1
1.119276905066674,2
0.7926348907416859,3
0.5651745667653922,0
0.22839510332195823,1
0.6738908789315841,2
0.5651745667653922,3
0.28228112047397186,0
-0.17300873132204608,1
0.8770522001241692,2
0.28228112047397186,3
-0.028298858083117055,0
0.0281855776314173,1
-0.0818418850962842,2
-0.028298858083117055,3
-0.3361032445422176,0
0.1539607328188713,1
-0.10385997839632113,2
-0.3361032445422176,3
-0.6109421485454235,0
-0.36572318458721453,1
-0.3518498688777031,2
-0.6109421485454235,3
-0.825858980963543,0
-1.1649561488708762,1
-0.8382234163484498,2
-0.825858980963543,3
-0.9597743943531898,0
-1.4137554242929609,1
-0.5741282274006039,2
-0.9597743943531898,3
-0.9995537752217639,0
-0.939945870853681,1
-0.699462103275496,2
-0.9995537752217639,3
-0.941295505529503,0
-0.45061741515272297,1
-1.0710970785206826,2
-0.941295505529503,3
-0.7907136389150938,0
-0.5482400705563498,1
0.2833647806093763,2
-0.7907136389150938,3
-0.5625774582184379,0
-0.903978916800031,1
-1.3809090908091208,2
-0.5625774582184379,3
-0.27926288329282845,0
-0.7319171330841254,1
0.5138008067056772,2
-0.27926288329282845,3
0.031442190919117874,0
0.09417120600926047,1
-0.4136280921119515,2
0.031442190919117874,3
0.33906337049467516,0
0.830336163955989,1
0.5928547075479154,2
2.3390633704946753,3
0.6134287342666639,0
0.8531473154110643,1
0.7200033336603031,2
0.6134287342666639,3
0.8276281386027322,0
0.4839358942881746,1
0.9899119308413536,2
0.8276281386027322,3
0.9606526024223213,0
0.509343038587805,1
0.6965814980586374,2
0.9606526024223213,3
0.9994548978290693,0
1.065302542246881,1
1.1773971010921565,2
0.9994548978290693,3
0.9402292407097592,0
1.432077303799564,1
1.309092859393537,2
0.9402292407097592,3
0.7887845674326326,0
1.0257386787278573,1
0.0006142017262914523,2
0.7887845674326326,3
0.5599747861375917,0
0.21400535164881218,1
0.7078538196363457,2
0.5599747861375917,3
0.2762418843790778,0
-0.17370514088258437,1
-0.5213759345231292,2
0.2762418843790778,3
-0.03458521281181999,0
0.0343784561745121,1
-0.7793123940515043,2
-0.03458521281181999,3
-0.34202014332567043,0
0.15038373318043424,1
0.09894108697613074,2
-0.34202014332567043,3
-0.6159092535671804,0
-0.38172898540085176,1
-1.3123228537946168,2
-0.6159092535671804,3
-0.8293891115250828,0
-1.1776220505496937,1
-1.2080088332129302,2
-0.8293891115250828,3
-0.9615213102471253,0
-1.410087998218283,1
-0.3633403500338185,2
-0.9615213102471253,3
-0.9993461364619809,0
-0.9272691709280052,1
-0.8133871154133985,2
-0.9993461364619809,3
-0.9391536776197686,0
-0.44621346589607164,1
-1.0758205653711155,2
1.0608463223802314,3
-0.7868476953715922,0
-0.5554505338879365,1
-0.6260244627633477,2
-0.7868476953715922,3
-0.5573665762616399,0
-0.9078492446454425,1
-1.261714973267261,2
-0.5573665762616399,3
-0.2732181536084709,0
-0.7203867601739893,1
-0.3651998495485763,2
-0.2732181536084709,3
0.037727892678718164,0
0.11291530358568846,1
0.10006897903726941,2
0.037727892678718164,3
0.3449735337945906,0
0.8384305813211707,1
-0.008199309738530058,2
0.3449735337945906,3
0.6183836819162147,0
0.8469885832557557,1
0.39154928994206417,2
0.6183836819162147,3
0.8311418823156926,0
0.4784233487427184,1
0.5182116849017815,2
0.8311418823156926,3
0.9623805092366348,0
0.516627672887497,1
0.8127717388929141,2
0.9623805092366348,3
0.9992274921960793,0
1.0775223742603655,1
1.021101544652447,2
0.9992274921960793,3
0.9380688268961673,0
1.432023190366255,1
1.2077281477252764,2
0.9380688268961673,3
0.7849030418864077,0
1.0107066400748645,1
0.4589249152041621,2
0.7849030418864077,3
0.5547528543841163,0
0.1998124082369005,1
1.151715755116852,2
0.5547528543841163,3
0.27019172088378196,0
-0.17412771244239578,1
0.5035997099515773,2
0.27019172088378196,3
-0.04087019944071797,0
0.04052905664184181,1
0.33734121023322655,2
-0.04087019944071797,3
-0.3479235126942824,0
0.14650862718743496,1
-0.7008439014847804,2
-0.3479235126942824,3
-0.6208519948432417,0
-0.39785863200069926,1
-0.7655626087202185,2
-0.6208519948432417,3
-0.8328864336407716,0
-1.1900347518542773,1
-2.3586970723885483,2
-0.8328864336407716,3
-0.9632301908939134,0
-1.4060986450921753,1
-0.6199765413015179,2
-0.9632301908939134,3
-0.9990989662046814,0
-0.914598556043753,1
-0.6412802956338272,2
-0.9990989662046814,3
-0.9369746992674401,0
-0.44208434140555014,1
-2.2958483159958067,2
-0.9369746992674401,3
-0.782950626208463,0
-0.5627763197411537,1
-1.1636523064174265,2
-0.782950626208463,3
-0.5521336463530708,0
-0.9114757087873391,1
-0.07907351094739112,2
-0.5521336463530708,3
-0.2671626161345228,0
-0.7085625724968341,1
-0.9588911503091087,2
-0.2671626161345228,3
0.04401210202238636,0
0.1316103236483301,1
0.3164976720316451,2
0.04401210202238636,3
0.3508700508513341,0
0.846199050136051,1
0.6995717129846495,2
0.3508700508513341,3
0.6233141679382135,0
0.8406607085154187,1
0.028442591619264546,2
0.6233141679382135,3
0.8346227482478146,0
0.4731011562170669,1
1.991732321726106,2
0.8346227482478146,3
0.964070346816151,0
0.5241563489079375,1
1.0205888594754688,2
0.964070346816151,3
0.9989605597588274,0
1.0896531276951535,1
1.876929170129888,2
0.9989605597588274,3
0.9358713055538097,0
1.4316193523525038,1
1.0650291472526354,2
0.9358713055538097,3
0.7809904676459184,0
0.9955006446770842,1
0.48210617392305394,2
0.7809904676459184,3
0.549508978070808,0
0.18582215728428686,1
0.6583666005384253,2
0.549508978070808,3
0.2641308693166094,0
-0.1742797682999705,1
0.20231519210521248,2
0.2641308693166094,3
-0.04715356935230867,0
0.0466297573356158,1
0.4169201907155608,2
-0.04715356935230867,3
-0.35381311912634067,0
0.1423343647010667,1
-0.9992936059075537,2
-0.35381311912634067,3
-0.6257701768518068,0
-0.4141048488235418,1
0.1632243812087758,2
-0.6257701768518068,3
-0.8363508089657763,0
-1.202188472016616,1
-1.4762634809199264,2
1.1636491910342237,3
-0.9649009686947388,0
-1.4017909036511036,1
-0.9725920356197361,2
-0.9649009686947388,3
-0.9988122742272693,0
-0.9019418986088232,1
-1.0602146151322394,2
-0.9988122742272693,3
-0.9347586566671493,0
-0.43823136209696434,1
-0.8178217397940835,2
-0.9347586566671493,3
-0.7790225855834887,0
-0.5702104794802624,1
-0.3183734161582693,2
-0.7790225855834887,3
-0.5468788754936308,0
-0.914852909235677,1
-0.20615710986048874,2
-0.5468788754936308,3
-0.261096510412093,0
-0.6964484604946616,1
-0.449188814343636,2
-0.261096510412093,3
0.0502945703633675,0
0.15024816297577237,1
-0.3447645823419372,2
0.0502945703633675,3
0.35675268841423213,0
0.8536401524169444,1
-0.09137863789318823,2
0.35675268841423213,3
0.6282199972956475,0
0.8341706214176317,1
-0.0796784289996243,2
0.6282199972956475,3
0.8380705987052257,0
0.46797475035425573,1
0.523786998361969,2
0.8380705987052257,3
0.965722048315354,0
0.5319253044815512,1
0.9374709920162929,2
0.965722048315354,3
0.9986541110764566,0
1.1016869667822968,1
1.0793152482554673,2
0.9986541110764566,3
0.933636763610845,0
1.4308647414884845,1
0.0073677357490644635,2
0.933636763610845,3
0.7770469994822871,0
0.9801279947595192,1
0.5179949393080361,2
0.7770469994822871,3
0.5442433646315838,0
0.17204034168738203,1
0.98204705835144,2
0.5442433646315838,3
0.2580595694288497,0
-0.17416480830108227,1
0.7278217707984733,2
0.2580595694288497,3
-0.05343507399305704,0
0.05267296909819616,1
0.01865818488832495,2
-0.05343507399305704,3
-0.3596887296445345,0
0.13786009308059827,1
-0.30356098755265115,2
-0.3596887296445345,3
-0.630663605042561,0
-0.4304602719586682,1
-0.9994159894070365,2
-0.630663605042561,3
-0.839782100458542,0
-1.2140775746260426,1
0.07040701384817016,2
-0.839782100458542,3
-0.9665335775580404,0
-1.3971684915276597,1
-1.3160971231453094,2
-0.9665335775580404,3
-0.9984860718705227,0
-0.8893070387482094,1
-1.8032006485443084,2
-0.9984860718705227,3
-0.9325056374797069,0
-0.43465565162628783,1
-0.5145987677231261,2
-0.9325056374797069,3
-0.7750637288796013,0
-0.5777459775048819,1
-1.159225426732875,2
-0.7750637288796013,3
-0.5416024715481903,0
-0.9179755907971673,1
-0.7858939495496764,2
-0.5416024715481903,3
-0.2550200764003116,0
-0.6840484918281566,1
0.3006018132469909,2
-0.2550200764003116,3
0.05657504918379028,0
0.16882075350257253,1
-0.7575652035632767,2
0.05657504918379028,3
0.3626212137816642,0
0.8607526691309408,1
0.3622128060610455,2
0.3626212137816642,3
0.6331009759268238,0
0.8275253402225116,1
-0.3250637782996718,2
0.6331009759268238,3
0.8414852973000515,0
0.4630494212975525,1
0.9482404451599804,2
0.8414852973000515,3
0.9673355483972906,0
0.5399306027438292,1
1.1176644223497172,2
0.9673355483972906,3
0.9983081582712682,0
1.1136160936424895,1
0.7635320060101726,2
0.9983081582712682,3
0.9313652894598543,0
1.4297585095383714,1
1.1803655513357292,2
0.9313652894598543,3
0.7730727933887184,0
0.9645960796903044,1
0.8299450081064252,2
0.7730727933887184,3
0.5389562223602121,0
0.15847255952937173,1
0.3781201965078468,2
2.5389562223602122,3
0.25197806138512113,0
-0.17378650748153007,1
0.9045115682481278,2
0.25197806138512113,3
-0.05971446488320612,0
0.05865114026262643,1
1.5962156471235602,2
-0.05971446488320612,3
-0.3655501118252147,0
0.133085157861201,1
0.05098812369959749,2
-0.3655501118252147,3
-0.6355320858443853,0
-0.4469174536930032,1
-0.3010906222944721,2
-0.6355320858443853,3
-0.8431801723862228,0
-1.2256965711151686,1
-0.8310976448419836,2
-0.8431801723862228,3
-0.9681279529021187,0
-1.3922353028585202,1
-0.7474231200237544,2
-0.9681279529021187,3
-0.9981203720381463,0
-0.8767017793488547,1
-1.0528350100367834,2
-0.9981203720381463,3
-0.930215730828605,0
-0.4313581362304745,1
-1.0844083141268428,2
-0.930215730828605,3
-0.7710742126987266,0
-0.5853756957949372,1
-0.6528908610856538,2
-0.7710742126987266,3
-0.5363046432373796,0
-0.9208386465245424,1
-0.5893662898191818,2
-0.5363046432373796,3
-0.2489335544668892,0
-0.6713669089447953,1
-0.5629287278014254,2
-0.2489335544668892,3
0.06285329004447648,0
0.18732006727791173,1
-1.041158102855143,2
0.06285329004447648,3
0.368475394810244,0
0.8675355808293164,1
0.49189123618241526,2
0.368475394810244,3
0.6379569107531118,0
0.8207319666657216,1
1.8169224970185816,2
0.6379569107531118,3
0.8448667089558173,0
0.4583303122614597,1
1.1257748598466473,2
0.8448667089558173,3
0.9689107832361509,0
0.5481681345861315,1
1.403541641401552,2
0.9689107832361509,3
0.9979227150282429,0
1.1254327532284065,1
0.6865261372874163,2
0.9979227150282429,3
0.9290569729543615,0
1.4283000088896232,1
0.5445352863807553,2
0.9290569729543615,3
0.7690680065743152,0
0.9489123713965782,1
0.537838467677201,2
0.7690680065743152,3
0.5336477604021209,0
0.14512426066097456,1
0.588970683592932,2
0.5336477604021209,3
0.24588658575384947,0
-0.17314871359876288,1
0.7517102723413714,2
0.24588658575384947,3
-0.06599149362662045,0
0.06455676157942357,1
-0.672308834945331,2
-0.06599149362662045,3
-0.3713970338075673,0
0.12800910330606718,1
-0.26559636205875603,2
-0.3713970338075673,3
-0.6403754266730246,0
-0.46346886710985186,1
-0.5615422336105137,2
-0.6403754266730246,3
-0.8465448903300591,0
-1.2370401241530145,1
-0.6826996976003082,2
-0.8465448903300591,3
-0.9696840316576868,0
-1.3869954057815994,1
-0.8626848400566065,2
-0.9696840316576868,3
-0.9977151891962618,0
-0.8641338811290097,1
-1.2403071234121414,2
-0.9977151891962618,3
-0.927889027296506,0
-0.42833954419416453,1
0.23354821860543573,2
-0.927889027296506,3
-0.7670541948556027,0
-0.5930924385084491,1
0.07453638493132275,2
-0.7670541948556027,3
-0.5309856001293264,0
-0.9234371210725199,1
-0.5120314973989748,2
-0.5309856001293264,3
-0.24283718537858112,0
-0.658408126536421,1
-0.872780270747373,2
-0.24283718537858112,3
0.06912904459478988,0
0.20573812139903314,1
0.8276583346840442,2
0.06912904459478988,3
0.37431499992402306,0
0.8739880681550138,1
0.8656868392713661,2
0.37431499992402306,3
0.6427876096865421,0
0.8137976813493697,1
1.0623568214733468,2
0.6427876096865421,3
0.8482146999128037,0
0.45382241619648467,1
0.5390354486006452,2
0.8482146999128037,3
0.9704476905197974,0
0.5566336212184338,1
0.32722595710019897,2
0.9704476905197974,3
0.9974977965944997,0
1.1371292382409166,1
0.9746912910482608,2
0.9974977965944997,3
0.926711905405285,0
1.426488793016167,1
1.5080974143576242,2
0.926711905405285,3
0.7650327974578904,0
0.933084419729,1
0.45191797960075275,2
0.7650327974578904,3
0.5283181887460529,0
0.1320007433752125,1
0.07980222561387401,2
0.5283181887460529,3
0.23978538349773845,0
-0.17225544455394667,1
0.6034579689678728,2
0.23978538349773845,3
-0.07226591192058357,0
0.07038237111643472,1
-0.3072376239299007,2
-0.07226591192058357,3
-0.3772292643027659,0
0.12263167283242826,1
-0.8885620852482212,2
-0.3772292643027659,3
-0.6451934359386895,0
-0.4801069107382613,1
-0.5501132096763963,2
-0.6451934359386895,3
-0.8498761211906832,0
-1.2481030509431403,1
-0.5056028364622847,2
-0.8498761211906832,3
-0.9712017522703746,0
-1.3814530398239264,1
-1.3108244423043902,2
-0.9712017522703746,3
-0.9972705393728323,0
-0.8516110577350465,1
-0.6780384686389533,2
-0.9972705393728323,3
-0.925525618921676,0
-0.42560040544252553,1
-0.6827006878023962,2
-0.925525618921676,3
-0.7630038343715243,0
-0.6008889366293475,1
-0.30382454311152646,2
-0.7630038343715243,3
-0.5256455526313296,0
-0.9257662139583331,1
-0.5781444758259513,2
-0.5256455526313296,3
-0.23673121029167699,0
-0.6451767288881264,1
-0.6307861433012322,2
-0.23673121029167699,3
0.07540206458240356,0
0.22406698291599347,1
0.3353243304800493,2
0.07540206458240356,3
0.3801397981235977,0
0.8801095122237446,1
-0.22097517229037927,2
0.3801397981235977,3
0.6475928816373943,0
0.8067297390835482,1
1.1385629740387957,2
0.6475928816373943,3
0.851529137733311,0
0.44953057254984147,1
0.5408961071489082,2
0.851529137733311,3
0.9719462094522332,0
0.5653226168403649,1
1.2713726750172512,2
0.9719462094522332,3
0.9970334197786903,0
1.148697894015999,1
1.1128710575212548,2
0.9970334197786903,3
0.9243301795773097,0
1.4243246168151666,1
0.9816335274240584,2
0.9243301795773097,3
0.7609673256616702,0
0.917119847777423,1
1.0566650803651099,2
0.7609673256616702,3
0.5229677182157947,0
0.11910715117888049,1
0.9360536805774875,2
0.5229677182157947,3
0.23367469596425824,0
-0.17111088570612074,1
-0.05668766935993738,2
0.23367469596425824,3
-0.07853747156567698,0
0.07612055912877153,1
-0.0008478255377415839,2
-0.07853747156567698,3
-0.3830465726031737,0
0.11695280931112495,1
-0.3701937096992785,2
-0.3830465726031737,3
-0.6499859230536401,0
-0.496823913250232,1
-0.438802433071568,2
-0.6499859230536401,3
-0.8531737331933953,0
-1.2588803264248338,1
-0.6941867142906811,2
-0.8531737331933953,3
-0.9726810547031577,0
-1.3756126131820046,1
-0.5342006598193638,2
-0.9726810547031577,3
-0.996786440157034,0
-0.8391409708692771,1
-0.3941660680503193,2
-0.996786440157034,3
-0.9231255991943116,0
-0.42314105126043816,1
-0.5666092187943266,2
-0.9231255991943116,3
-0.7589232914680973,0
-0.6087578526621973,1
-0.8504479106453339,2
-0.7589232914680973,3
-0.5202847119815787,0
-0.9278212827247101,1
-0.6871174042616608,2
-0.5202847119815787,3
-0.23061587074244072,0
-0.6316774671199632,1
-0.3118738720849876,2
-0.23061587074244072,3
0.0816721018632194,0
0.2422987737053155,1
-0.22106013663711305,2
0.0816721018632194,3
0.3859495589953266,0
0.8858994948787011,1
0.10028458842320331,2
0.3859495589953266,3
0.6523725365217885,0
0.7995354641814355,1
1.1747602911142643,2
0.6523725365217885,3
0.8548098913069239,0
0.4454594641240145,1
1.0522578144037034,2
0.8548098913069239,3
0.9734062807560016,0
0.5742305114187927,1
-0.12333759451463555,2
0.9734062807560016,3
0.996529602950336,0
1.1601311233792377,1
0.6130562869875587,2
0.996529602950336,3
0.9219118896852277,0
1.4218074368171911,1
1.2043355185981022,2
0.9219118896852277,3
0.7568717520049967,0
0.9010263471411222,1
-0.3523670058618028,2
0.7568717520049967,3
0.5175965604618735,0
0.1064484696624623,1
-0.05637699554363973,2
0.5175965604618735,3
0.22755476487609147,0
-0.1697193870801417,1
-0.2982813524217923,2
0.22755476487609147,3
-0.08480592447551316,0
0.08176397289552315,1
0.33424126382879116,2
-0.08480592447551316,3
-0.38884872859139036,0
0.11097265523972444,1
-1.0808307279928813,2
-0.38884872859139036,3
-0.6547526984397259,0
-0.5136121382027171,1
-0.00210735986033872,2
-0.6547526984397259,3
-0.8564375958933466,0
-1.2693670863751196,1
-0.8550012801621304,2
-0.8564375958933466,3
-0.9741218804387364,0
-1.3694786998962827,1
-0.2787132549200376,2
-0.9741218804387364,3
-0.9962629106985544,0
-0.8267312254512176,1
-0.3486252373133045,2
-0.9962629106985544,3
-0.9206890630528636,0
-0.42096161413832883,1
-1.3572274456431397,2
-0.9206890630528636,3
-0.754812727560791,0
-0.616691785371277,1
-0.04570252366625638,2
-0.754812727560791,3
-0.5149032902408153,0
-0.9295978460033532,1
-0.5581753210231998,2
-0.5149032902408153,3
-0.22449140863757644,0
-0.6179152563233763,1
-0.5358710335465762,2
-0.22449140863757644,3
0.08793890841107062,0
0.2604256753083835,1
0.3191406914067966,2
0.08793890841107062,3
0.3917440527203921,0
0.8913577988184322,1
-0.04585176271215369,2
0.3917440527203921,3
0.6571263852691943,0
0.7922222457110707,1
0.31576227301816473,2
0.6571263852691943,3
0.8580568308556911,0
0.44161361403529686,1
1.8261331992349459,2
0.8580568308556911,3
0.9748278466745324,0
0.5833525335702905,1
0.36084938134805955,2
0.9748278466745324,3
0.995986366039104,0
1.1714213914647786,1
2.0432979954431882,2
0.995986366039104,3
0.9194571313902093,0
1.418937411269624,1
1.0223066267679117,2
0.9194571313902093,3
0.7527462384979526,0
0.8848116731562495,1
0.3007741677152737,2
0.7527462384979526,3
0.5122049279531122,0
0.09402952347022159,1
0.8307324527347052,2
2.5122049279531122,3
0.22142583232157156,0
-0.16808546047019,1
0.7497865952750968,2
0.22142583232157156,3
-0.09107102268664141,0
0.08730532152047557,1
-0.3036417469651836,2
-0.09107102268664141,3
-0.3946355027494406,0
0.10469155278878767,1
-0.752009290066346,2
-0.3946355027494406,3
-0.6594935735359058,0
-0.5304637888215059,1
-0.8484370917643305,2
-0.6594935735359058,3
-0.8596675801807442,0
-1.279558630410012,1
-1.6309643218631957,2
-0.8596675801807442,3
-0.9755241724818381,0
-1.3630560369216427,1
-0.7900308400069573,2
-0.9755241724818381,3
-0.995699971706838,0
-0.8143893648160117,1
-1.4557112344713818,2
-0.995699971706838,3
-0.9182161068802759,0
-0.41906202774464124,1
-1.1706327598683408,2
-0.9182161068802759,3
-0.7506723052527187,0
-0.6246832745601728,1
-0.30940629715702406,2
-0.7506723052527187,3
-0.5095015002838787,0
-0.9310915864769831,1
-0.5680571259496056,2
-0.5095015002838787,3
-0.2183580662446526,0
-0.6038951725940243,1
0.19138763603168024,2
-0.2183580662446526,3
0.09420223632763224,0
0.2784399337327684,1
-0.14142832390647075,2
0.09420223632763224,3
0.39752305008390465,0
0.8964844075980274,1
1.1386055288176724,2
0.39752305008390465,3
0.6618542398298712,0
0.7847975327067881,1
0.24384972279527456,2
0.6618542398298712,3
0.8612698279392325,0
0.4379973827741986,1
1.195803602109982,2
0.8612698279392325,3
0.9762108509744302,0
0.592683753546634,1
0.7451914240869949,2
0.9762108509744302,3
0.9954037305340124,0
1.182561230496025,1
1.0454572673633005,2
0.9954037305340124,3
0.9169660017960131,0
1.4157149000932627,1
0.31473325472048574,2
0.9169660017960131,3
0.7485909483349907,0
0.868483640083859,1
0.3297744003515071,2
0.7485909483349907,3
0.5067930339682734,0
0.08185497337293124,1
0.6887792096020888,2
0.5067930339682734,3
0.21528814074507832,0
-0.16621377644066945,1
0.3924942950132334,2
0.21528814074507832,3
-0.09733251836829986,0
0.09273738069349334,1
0.055976193575513436,2
1.9026674816317002,3
-0.4004066661678005,0
0.09811004372154514,1
0.5061734601025569,2
-0.4004066661678005,3
-0.6642083608056212,0
-0.5473710128235137,1
-0.9557398941209079,2
-0.6642083608056212,3
-0.8628635582859283,0
-1.289450424882619,1
-0.5346144330009325,2
-0.8628635582859283,3
-0.9768878753614942,0
-1.3563495210955283,1
-0.6483977706037846,2
-0.9768878753614942,3
-0.9950976454502654,0
-0.8021228659525881,1
-1.0697217967399915,2
-0.9950976454502654,3
-0.9157068285001724,0
-0.41744202702500266,1
-0.9797561891686525,2
-0.9157068285001724,3
-0.7465021883280485,0
-0.6327248058900176,1
-0.484783486137415,2
-0.7465021883280485,3
-0.5040795557913331,0
-0.9322983537379959,1
-0.9500320808817593,2
-0.5040795557913331,3
-0.21221608618250448,0
-0.5896224499628993,1
-0.8314582594366744,2
-0.21221608618250448,3
0.10046183785217055,0
0.29633386421237407,1
-0.026242238715818628,2
0.10046183785217055,3
0.40328632248396984,0
0.9012795055035243,1
-0.022914490014139255,2
0.40328632248396984,3
0.6665559131823726,0
0.7772688293431504,1
0.9299708814121767,2
0.6665559131823726,3
0.864448755459865,0
0.4346149653694924,1
1.00560724582781,2
0.864448755459865,3
0.977555238947689,0
0.6022190863213444,1
0.7832381758710466,2
0.977555238947689,3
0.9947817194825854,0
1.1935432445245386,1
0.8578033186110523,2
0.9947817194825854,3
0.9144385994451668,0
1.4121404647121736,1
0.3399595884371043,2
0.9144385994451668,3
0.7444060458884213,0
0.8520501162609734,1
1.6285574481123941,2
0.7444060458884213,3
0.5013610925876097,0
0.06992931344464864,1
0.4235515529302212,2
0.5013610925876097,3
0.20914193293755864,0
-0.1641091612264555,1
-0.3412911594471202,2
0.20914193293755864,3
-0.10359016383223317,0
0.09805299740974614,1
-0.5183621941070965,2
-0.10359016383223317,3
-0.406161990554466,0
0.0912288691868281,1
-0.3373690652203467,2
-0.406161990554466,3
-0.6688968737443441,0
-0.5643259072755727,1
-0.28060854226766174,2
-0.6688968737443441,3
-0.8660254037844343,0
-1.2990381056766447,1
-0.22100035475133917,2
-0.8660254037844343,3
-0.9782129351332094,0
-1.349364206006008,1
-1.9364537873508079,2
-0.9782129351332094,3
-0.9944559557552771,0
-0.7899391347848975,1
-1.6786570464806012,2
-0.9944559557552771,3
-0.9131613271729879,0
-0.4161011484280158,1
-0.41723518318814445,2
-0.9131613271729879,3
-0.7423025417456081,0
-0.640808815732231,1
-0.9016408255263806,2
-0.7423025417456081,3
-0.4986376712409906,0
-0.9332141670419911,1
-0.44711910166518143,2
-0.4986376712409906,3
-0.20606571141169247,0
-0.5751024772278618,1
-0.42332445483519787,2
-0.20606571141169247,3
0.10671746537135815,0
0.31409985592406026,1
0.021660660790291872,2
0.10671746537135815,3
0.40903364194075736,0
0.9057434772996598,1
0.42383988493970576,2
0.40903364194075736,3
0.6712312193409009,0
0.7696436900747585,1
0.9709486816781928,2
0.6712312193409009,3
0.8675934876675996,0
0.43147038865785975,1
0.9282885756012648,2
0.8675934876675996,3
0.9788609574138635,0
0.6119532947755131,1
1.6798995749089811,2
0.9788609574138635,3
0.9941203574899399,0
1.2043601141245377,1
0.5963015661314672,2
0.9941203574899399,3
0.9118750243150304,0
1.4082148677567887,1
1.3512903959960298,2
0.9118750243150304,3
0.7401916967019386,0
0.8355190192184566,1
1.8400467353766388,2
0.7401916967019386,3
0.49590931868439625,0
0.058256868345497315,1
0.7933901966686846,2
0.49590931868439625,3
0.20298745202675592,0
-0.16177659353433074,1
0.26753756239447724,2
0.20298745202675592,3
-0.10984371154249051,0
0.10324509464370982,1
-0.1200499023784097,2
-0.10984371154249051,3
-0.4119012482439961,0
0.08404896938544137,1
-0.7343724314466267,2
-0.4119012482439961,3
-0.673558926886868,0
-0.5813205234851275,1
-0.675380253863835,2
-0.673558926886868,3
-0.8691529916019929,0
-1.3083174808933655,1
-0.3030803678377607,2
-0.8691529916019929,3
-0.9794992993811167,0
-1.3421052987613138,1
-1.0500077648761195,2
-0.9794992993811167,3
-0.9937749280054242,0
-0.7778455014987751,1
-0.7437036667776395,2
-0.9937749280054242,3
-0.9105797035920359,0
-0.4150387302575259,1
-1.4269536590581977,2
-0.9105797035920359,3
-0.73807353163234,0
-0.6489276960533491,1
-0.18605213806396093,2
-0.73807353163234,3
-0.4931760618994765,0
-0.9338352179543777,1
-0.02362362065309459,2
-0.4931760618994765,3
-0.1999071852248078,0
-0.5603407946871048,1
0.13841152715571228,2
-0.1999071852248078,3
0.11296887142906871,0
0.33173037665751337,1
-0.16142421040660837,2
0.11296887142906871,3
0.41476478110541537,0
0.909876907851012,1
0.03991678789864189,2
0.41476478110541537,3
0.6758799733626747,0
0.7619297147447709,1
0.877832923933478,2
0.6758799733626747,3
0.8707039001651242,0
0.4285675086607417,1
1.043809364912191,2
0.8707039001651242,3
0.9801279547221778,0
0.6218809929807954,1
1.132694591974948,2
0.9801279547221778,3
0.9934196707178117,0
1.2150046010398594,1
0.6745324110837803,2
0.9934196707178117,3
0.9092753778138865,0
1.4039390726406318,1
1.05510806475324,2
0.9092753778138865,3
0.7359480674841008,0
0.8188983107684498,1
1.0855292632144253,2
0.7359480674841008,3
0.4904379279164179,0
0.046841790712113085,1
0.2791376798813895,2
0.4904379279164179,3
0.19682494146770332,0
-0.15922120124780645,1
-0.11563660878977608,2
0.19682494146770332,3
-0.11609291412523147,0
0.10830667597500186,1
-0.6339452693435504,2
-0.11609291412523147,3
-0.4176242122064673,0
0.07657148311026901,1
-0.8487545278964229,2
-0.4176242122064673,3
-0.678194335814666,0
-0.5983468719208903,1
-1.128315508185537,2
-0.678194335814666,3
-0.8722461980194925,0
-1.3172845334304573,1
0.07846331331990619,2
-0.8722461980194925,3
-0.9807469172200391,0
-1.3345781566632946,1
-0.8016088162430153,2
1.0192530827799609,3
-0.993054589140368,0
-0.7658492159179349,1
-1.8155491151679897,2
-0.993054589140368,3
-0.9079620598795419,0
-0.4142539131511507,1
-1.2655889007159487,2
-0.9079620598795419,3
-0.733815325276731,0
-0.6570737993286132,1
-0.8585572169494838,2
-0.733815325276731,3
-0.4876949438136272,0
-0.934157872888419,1
-0.12934545716565293,2
-0.4876949438136272,3
-0.19374075123690418,0
-0.5453430907772556,1
-0.4849909273802907,2
-0.19374075123690418,3
0.11921580873616586,0
0.34921797743545796,1
-0.0768312511040044,2
0.11921580873616586,3
0.42047951326921956,0
0.913680581617075,1
-0.1513675978800228,2
0.42047951326921956,3
0.6805019913552456,0
0.7541345436653346,1
1.1745071786253862,2
0.6805019913552456,3
0.8737798699127305,0
0.4259100080700992,1
1.2939523175286265,2
0.8737798699127305,3
0.9813561807535601,0
0.6319966495773809,1
0.9950968816254125,2
0.9813561807535601,3
0.9926796868835217,0
1.225469552780479,1
0.4170290349871888,2
0.9926796868835217,3
0.9066397627768887,0
1.3993142430106964,1
1.2460326347591648,2
0.9066397627768887,3
0.731675326101678,0
0.8021959920641366,1
0.7730509415230578,2
0.731675326101678,3
0.48494713671748807,0
0.035688058657554755,1
0.6314864397466609,2
0.48494713671748807,3
0.19065464503306578,0
-0.15644825803729728,1
0.6871280865020128,2
0.19065464503306578,3
-0.12233752437845509,0
0.11323083016305006,1
-0.5627281870893805,2
-0.12233752437845509,3
-0.4233306560565317,0
0.06879774716015369,1
-0.5143478778116948,2
-0.4233306560565317,3
-0.6828029171631862,0
-0.6153969271598864,1
-0.5833837816152663,2
-0.6828029171631862,3
-0.8753049006778175,0
-1.325935423450798,1
-1.270690315156937,2
-0.8753049006778175,3
-0.9819557392975056,0
-1.3267882837866447,1
-1.2689602779293905,2
-0.9819557392975056,3
-0.9922949676548145,0
-0.7539574429316123,1
-1.292113176533275,2
-0.9922949676548145,3
-0.9053084995825939,0
-0.41374564068474423,1
-0.07715179165926278,2
-0.9053084995825939,3
-0.7295280911221941,0
-0.6652394434812433,1
-1.5734816158873506,2
-0.7295280911221941,3
-0.48219453380204336,0
-0.9341786755330557,1
-0.41150381620506943,2
-0.48219453380204336,3
-0.18756665337583306,0
-0.5301151986177175,1
-0.033878556319653336,2
-0.18756665337583306,3
0.1254580301802852,0
0.3665552970812899,1
-0.21645015163865464,2
0.1254580301802852,3
0.42617761237243745,0
0.9171554820211898,1
0.6686497367467908,2
0.42617761237243745,3
0.6850970904837717,0
0.7462658526730255,1
0.7986952464114746,2
0.6850970904837717,3
0.8768212752331539,0
0.4235013938447087,1
1.0262816141165043,2
0.8768212752331539,3
0.9825455869226277,0
0.6422945912450011,1
0.47495793450128787,2
0.9825455869226277,3
0.9919004352588753,0
1.2357479071657154,1
1.3393689794190329,2
0.9919004352588753,3
0.903968283462017,0
1.3943417420720374,1
0.872267468380505,2
0.903968283462017,3
0.7273736415730507,0
0.7854200986356715,1
0.9451490560555134,2
0.7273736415730507,3
0.4794371622888006,0
0.02479947338184768,1
0.9762536396209543,2
0.4794371622888006,3
0.18447680680348294,0
-0.15346317987784247,1
0.381047084635931,2
0.18447680680348294,3
-0.12857729528187728,0
0.11801073566787501,1
-0.6151814907822702,2
-0.12857729528187728,3
-0.42902035406233346,0
0.0607292956282216,1
-0.6141851708438363,2
1.5709796459376666,3
-0.6873844886291153,0
-0.6324626328578791,1
-0.6682608718031238,2
-0.6873844886291153,3
-0.8783289785827716,0
-1.3342664907402935,1
-0.6746861727653326,2
-0.8783289785827716,3
-0.9831257177957051,0
-1.3187413274661488,1
-0.9680782422528779,2
-0.9831257177957051,3
-0.9914960935973842,0
-0.742177257976881,1
-0.9370621575197216,2
1.0085039064026158,3
-0.9026191276690325,0
-0.4135126601024297,1
-1.5105837501389732,2
-0.9026191276690325,3
-0.7252119987603955,0
-0.673416916844281,1
-1.3217199949606342,2
-0.7252119987603955,3
-0.476675049446426,0
-0.9338943491690102,1
-0.9130298213474588,2
-0.476675049446426,3
-0.18138513587265032,0
-0.5146630924638351,1
0.0860749694696073,2
-0.18138513587265032,3
0.1316952888356235,0
0.38373506673128566,1
0.597403466696831,2
0.1316952888356235,3
0.43185885301329646,0
0.9203027906940431,1
0.848963494003647,2
0.43185885301329646,3
0.6896650889782605,0
0.7383313481624155,1
0.7071709507129259,2
0.6896650889782605,3
0.8798279958164281,0
0.42134499491842364,1
0.8396249336655782,2
0.8798279958164281,3
0.9836961261796094,0
0.65276900626467,1
1.5560350601779587,2
0.9836961261796094,3
0.9910819466690203,0
1.245832696810949,1
0.2534443072041678,2
0.9910819466690203,3
0.9012610455459471,0
1.3890231317868689,1
0.4374365523492168,2
0.9012610455459471,3
0.7230431840615136,0
0.7685786954048465,1
0.7057830384764371,2
0.7230431840615136,3
0.47390822259044946,0
0.014179656895352388,1
0.9263089168426176,2
0.47390822259044946,3
0.17829167115798386,0
-0.1502715214766225,1
0.5563993224148873,2
0.17829167115798386,3
-0.1348119800065754,0
0.12263966511381563,1
0.04377191424472124,2
-0.1348119800065754,3
-0.4346930811543868,0
0.052367859064985756,1
-0.6643077345641286,2
-0.4346930811543868,3
-0.691938868977559,0
-0.6495359067398397,1
-0.7157644567106421,2
-0.691938868977559,3
-0.8813183121098016,0
-1.3422742569524053,1
-0.6754938544115294,2
-0.8813183121098016,3
-0.9842568064333664,0
-1.3104430746942808,1
-1.1583654982634273,2
-0.9842568064333664,3
-0.9906579985694297,0
-0.7305156425786145,1
-1.5813951526818957,2
-0.9906579985694297,3
-0.8998940505233244,0
-0.41355352317173777,1
0.403247468367947,2
-0.8998940505233244,3
-0.7208672189245758,0
-0.6815984831417676,1
-1.1772489066100003,2
-0.7208672189245758,3
-0.47113670908300687,0
-0.9333017988716705,1
-0.6269398791073956,2
-0.47113670908300687,3
-0.17519644325188555,0
-0.4989928840706082,1
0.16259479944498523,2
-0.17519644325188555,3
0.13792733797266418,0
0.40075011428834273,1
-0.274229274093741,2
0.13792733797266418,3
0.43752301045691316,0
0.9231238865920965,1
1.0234091139678327,2
0.43752301045691316,3
0.694205806140729,0
0.7303387621010047,1
0.5160981286053533,2
0.694205806140729,3
0.8827999127246234,0
0.41944396002197487,1
0.43037854308396345,2
0.8827999127246234,3
0.9848077530122094,0
0.6634139481689507,1
0.22724265511442143,2
0.9848077530122094,3
0.9902242534911976,0
1.2557170535558684,1
0.70406390960896,2
0.9902242534911976,3
0.8985181561198649,0
1.383360171948706,1
1.2810116219952985,2
0.8985181561198649,3
0.7186841248685352,0
0.7516798716818364,1
1.2274070049484005,2
0.7186841248685352,3
0.4683605363326573,0
0.0038320498554731963,1
0.7652479533866096,2
0.4683605363326573,3
0.17209948276416628,0
-0.1468789726123854,1
-0.7006142257193081,2
0.17209948276416628,3
-0.14104133192492121,0
0.12711098969377324,1
-0.34719323977969097,2
-0.14104133192492121,3
-0.44034861293462024,0
0.04371536351643862,1
-0.49480491577931845,2
-0.44034861293462024,3
-0.6964658780492219,0
-0.6666086456076172,1
-0.8263335687268,2
-0.6964658780492219,3
-0.8842727830087774,0
-1.349955427738704,1
-0.24686126272433428,2
-0.8842727830087774,3
-0.9853489604676162,0
-1.3018994484310293,1
-0.23503506138176988,2
-0.9853489604676162,3
-0.9897807157237838,0
-0.7189794799496929,1
-1.3977185999723631,2
-0.9897807157237838,3
-0.8971333759423156,0
-0.41386658716329316,1
-0.4717909077963193,2
-0.8971333759423156,3
-0.7164939234827862,0
-0.689776386486249,1
-0.5176649357919908,2
-0.7164939234827862,3
-0.46557973179396167,0
-0.9323981135993811,1
-1.2986645192492572,2
-0.46557973179396167,3
-0.169000820321855,0
-0.48311081896968555,1
-0.19246910360054287,2
-0.169000820321855,3
0.1441539310679515,0
0.4175933688147537,1
-0.2710952674894835,2
0.1441539310679515,3
0.4431698606441191,0
0.9256203449914927,1
1.0613843931940896,2
0.4431698606441191,3
0.6987190623523613,0
0.7222958470285313,1
0.8662502694938712,2
0.6987190623523613,3
0.885736908396525,0
0.41780125561962567,1
1.5294114822913816,2
0.885736908396525,3
0.985880423447394,0
0.6742233394782694,1
1.319277464327043,2
0.985880423447394,3
0.9893273896534952,0
1.2653942128300115,1
0.44019915216349303,2
0.9893273896534952,3
0.8957397236852608,0
1.3773548191322236,1
1.3347100628560735,2
0.8957397236852608,3
0.7142966364270102,0
0.7347317361473353,1
0.5170786247294372,2
0.7142966364270102,3
0.4627943229673113,0
-0.006240090480761962,1
-0.07893219076665342,2
0.4627943229673113,3
0.16590048656869993,0
-0.14329135438938634,1
0.08635100507245144,2
0.16590048656869993,3
-0.14726510462015374,0
0.13141818351068846,1
0.5742773934226938,2
-0.14726510462015374,3
-0.4459867256850612,0
0.03477392943851065,1
-0.9497572055435273,2
-0.4459867256850612,3
-0.7009653367676053,0
-0.6836727303617186,1
-0.8274176202224848,2
-0.7009653367676053,3
-0.8871922744086087,0
-1.357306894763495,1
-0.8583621566348972,2
-0.8871922744086087,3
-0.9864021366957161,0
-1.2931165038290324,1
-0.9299970319962915,2
-0.9864021366957161,3
-0.9888642797634345,0
-0.7075755506542022,1
-0.881583789899846,2
-0.9888642797634345,3
-0.8943372131310366,0
-0.4144500159544303,1
-0.7259813845528598,2
-0.8943372131310366,3
-0.7120922854310209,0
-0.697942856389475,1
-0.9498669265622252,2
-0.7120922854310209,3
-0.46000433739860597,0
-0.9311805681657691,1
-0.4134425052909098,2
-0.46000433739860597,3
-0.1627985121650896,0
-0.46702327266219046,1
-0.10176420810232625,2
-0.1627985121650896,3
0.1503748218139406,0
0.434257864861301,1
0.5999990401182984,2
0.1503748218139406,3
0.4487991802004649,0
0.9277939363582075,1
0.17323882103715377,2
0.4487991802004649,3
0.7032046790806854,0
0.7142103710437948,1
0.8877605382757974,2
0.7032046790806854,3
0.8886388666523565,0
0.4164196639619412,1
1.153476313657937,2
0.8886388666523565,3
0.9869140950531601,0
0.6851909755214476,1
1.0193158182280806,2
0.9869140950531601,3
0.9883913906334728,0
1.2748575179544819,1
0.89415249420785,2
0.9883913906334728,3
0.892925858149569,0
1.3710092255191952,1
1.8489425717266843,2
0.892925858149569,3
0.7098808922944302,0
0.7177424118229552,1
1.1738617001740212,2
0.7098808922944302,3
0.45720980267908184,0
-0.016033692188342386,1
-0.38937321725399665,2
0.45720980267908184,3
0.15969492778755337,0
-0.13951461540791646,1
0.5109209480786158,2
0.15969492778755337,3
-0.15348305189621145,0
0.13555482785396597,1
-0.8183827127084717,2
-0.15348305189621145,3
-0.4516071963768899,0
0.025545870487487965,1
-1.2135928077771576,2
-0.4516071963768899,3
-0.7054370671459484,0
-0.7007200310329869,1
0.024262170021581486,2
-0.7054370671459484,3
-0.8900766708219026,0
-1.3643257376017954,1
-1.53617366961087,2
-0.8900766708219026,3
-0.9874162934567876,0
-1.2841004243756113,1
-0.7360109925908032,2
-0.9874162934567876,3
-0.9879087269401795,0
-0.6963105283370579,1
-0.14294303264477215,2
-0.9879087269401795,3
-0.8915056726982756,0
-0.41530178125606104,1
-0.8925362725383598,2
-0.8915056726982756,3
-0.7076624788865122,0
-0.706090112782622,1
-0.8151164931226464,2
-0.7076624788865122,3
-0.45441074644488805,0
-0.9296466250949365,1
-0.30097196975272134,2
-0.45441074644488805,3
-0.15658976412854225,0
-0.45073674672891956,1
-0.3915039315323215,2
-0.15658976412854225,3
0.15658976412857226,0
0.45073674672899866,1
0.20167723561926584,2
0.15658976412857226,3
0.45441074644488977,0
0.9296466250949369,1
0.19897902750290047,2
0.45441074644488977,3
0.7076624788865136,0
0.7060901127826194,1
0.9057105859211244,2
0.7076624788865136,3
0.8915056726982765,0
0.41530178125606076,1
0.9219094065664533,2
0.8915056726982765,3
0.9879087269401754,0
0.6963105283370108,1
0.7198282471153787,2
0.9879087269401754,3
0.9874162934567873,0
1.2841004243756142,1
0.6069739147499409,2
0.9874162934567873,3
0.8900766708219016,0
1.3643257376017932,1
0.8302216214103285,2
0.8900766708219016,3
0.705437067145947,0
0.7007200310329814,1
1.3684812765810799,2
0.705437067145947,3
0.45160719637691354,0
-0.025545870487448497,1
0.8473660330451206,2
0.45160719637691354,3
0.1534830518962376,0
-0.135554827853983,1
0.25036057007570234,2
0.1534830518962376,3
-0.1596949277875553,0
0.13951461540791768,1
-0.49953657333362567,2
-0.1596949277875553,3
-0.4572098026790836,0
0.016033692188339332,1
-0.4344513981336573,2
-0.4572098026790836,3
-0.7098808922944315,0
-0.7177424118229604,1
-0.8671078417873876,2
-0.7098808922944315,3
-0.8929258581495699,0
-1.3710092255191975,1
-1.5289151023323453,2
-0.8929258581495699,3
-0.9883913906334688,0
-1.2748575179545214,1
-1.497000411397582,2
-0.9883913906334688,3
-0.9869140950531597,0
-0.6851909755214441,1
-1.0829017238839773,2
1.0130859049468404,3
-0.8886388666523555,0
-0.41641966396194147,1
-1.7896377879703271,2
-0.8886388666523555,3
-0.7032046790806841,0
-0.7142103710437975,1
-1.743289014907862,2
-0.7032046790806841,3
-0.44879918020046317,0
-0.9277939363582071,1
-0.13703750758430921,2
-0.44879918020046317,3
-0.15037482181393866,0
-0.4342578648612958,1
0.17449742049580322,2
-0.15037482181393866,3
0.16279851216511956,0
0.46702327266226873,1
0.021004632661471012,2
0.16279851216511956,3
0.4600043373986077,0
0.9311805681657694,1
0.30111648217258435,2
0.4600043373986077,3
0.7120922854310222,0
0.6979428563894724,1
0.7346204398968265,2
0.7120922854310222,3
0.8943372131310248,0
0.4144500159544333,1
0.9591907494858954,2
0.8943372131310248,3
0.9888642797634347,0
0.7075755506542056,1
1.3677911850798532,2
0.9888642797634347,3
0.9864021366957111,0
1.2931165038290755,1
0.8576239448499836,2
0.9864021366957111,3
0.8871922744086078,0
1.3573068947634928,1
1.1414880166260652,2
0.8871922744086078,3
0.7009653367676039,0
0.6836727303617132,1
0.8221071225916745,2
0.7009653367676039,3
0.44598672568508485,0
-0.03477392943847246,1
0.2378987316704669,2
0.44598672568508485,3
0.1472651046201518,0
-0.13141818351068718,1
-0.3557803538351045,2
0.1472651046201518,3
-0.1659004865687299,0
0.14329135438940416,1
0.3665680361611199,2
-0.1659004865687299,3
-0.4627943229673131,0
0.006240090480758798,1
-0.1210243096133457,2
-0.4627943229673131,3
-0.7142966364270116,0
-0.7347317361473406,1
-0.9318034042617348,2
-0.7142966364270116,3
-0.895739723685249,0
-1.3773548191321976,1
-0.8085530368261808,2
-0.895739723685249,3
-0.9893273896534913,0
-1.2653942128300517,1
0.11672515427417807,2
-0.9893273896534913,3
-0.9858804234473938,0
-0.6742233394782661,1
-0.43030044111795407,2
-0.9858804234473938,3
-0.8857369083965241,0
-0.41780125561962617,1
-1.6688172648277697,2
-0.8857369083965241,3
-0.6987190623523598,0
-0.7222958470285339,1
-0.918818985009332,2
-0.6987190623523598,3
-0.4431698606441429,0
-0.9256203449915026,1
-0.6638669681117075,2
-0.4431698606441429,3
-0.14415393106797766,0
-0.4175933688148241,1
0.18726497196472527,2
-0.14415393106797766,3
0.16900082032185693,0
0.4831108189696905,1
-0.14543339532167032,2
0.16900082032185693,3
0.4655797317939634,0
0.9323981135993814,1
0.544926015407061,2
0.4655797317939634,3
0.7164939234827876,0
0.6897763864862465,1
0.8921123952719148,2
0.7164939234827876,3
0.8971333759423039,0
0.4138665871632951,1
1.474061531172532,2
0.8971333759423039,3
0.98978071572378,0
0.7189794799496447,1
0.9332966378439349,2
0.98978071572378,3
0.9853489604676159,0
1.301899448431032,1
1.941182878201153,2
0.9853489604676159,3
0.8842727830087764,0
1.3499554277387016,1
0.8089579846965779,2
0.8842727830087764,3
0.6964658780492204,0
0.6666086456076119,1
0.7166803915508048,2
0.6964658780492204,3
0.44034861293461847,0
-0.0437153635164414,1
1.6577808482295557,2
0.44034861293461847,3
0.14104133192489113,0
-0.12711098969375204,1
-0.3524336185795326,2
0.14104133192489113,3
-0.17209948276416823,0
0.14687897261238644,1
0.024216516823115708,2
-0.17209948276416823,3
-0.46836053633265906,0
-0.003832049855476416,1
-0.2085137754572065,2
-0.46836053633265906,3
-0.7186841248685365,0
-0.7516798716818416,1
-0.5181726917794178,2
-0.7186841248685365,3
-0.8985181561198657,0
-1.3833601719487079,1
-0.8452787504106066,2
-0.8985181561198657,3
-0.9902242534912019,0
-1.2557170535558213,1
-0.9976619630290444,2
-0.9902242534912019,3
-0.984807753012209,0
-0.6634139481689474,1
-0.8240563380699714,2
-0.984807753012209,3
-0.8827999127246225,0
-0.4194439600219755,1
-0.9143861783115586,2
-0.8827999127246225,3
-0.6942058061407276,0
-0.7303387621010071,1
-0.6676204397632997,2
-0.6942058061407276,3
-0.4375230104569114,0
-0.9231238865920958,1
-0.7821180121138416,2
-0.4375230104569114,3
-0.1379273379726341,0
-0.400750114288261,1
-0.053547967388867815,2
1.862072662027366,3
0.1751964432518875,0
0.49899288407061315,1
-0.509901963233578,2
0.1751964432518875,3
0.4711367090830086,0
0.9333017988716708,1
0.9381134244299718,2
0.4711367090830086,3
0.7208672189245772,0
0.6815984831417651,1
1.4436698949497435,2
0.7208672189245772,3
0.8998940505233128,0
0.4135535231717385,1
1.2750576426511435,2
0.8998940505233128,3
0.9906579985694338,0
0.7305156425786704,1
0.7636530212886674,2
0.9906579985694338,3
0.9842568064333661,0
1.3104430746942834,1
0.993780227148118,2
0.9842568064333661,3
0.8813183121098006,0
1.3422742569524027,1
0.6805412476719981,2
0.8813183121098006,3
0.6919388689775576,0
0.6495359067398345,1
0.4729788991170343,2
0.6919388689775576,3
0.43469308115441063,0
-0.05236785906494995,1
1.0657261551632111,2
0.43469308115441063,3
0.13481198000657343,0
-0.12263966511381427,1
0.3371923441584376,2
0.13481198000657343,3
-0.17829167115798578,0
0.1502715214766236,1
0.1667394658288739,2
-0.17829167115798578,3
-0.4739082225904512,0
-0.014179656895355663,1
-0.06341721605763234,2
-0.4739082225904512,3
-0.7230431840614954,0
-0.7685786954047755,1
-0.5004661886188957,2
-0.7230431840614954,3
-0.9012610455459356,0
-1.3890231317868458,1
-1.3226927841430152,2
-0.9012610455459356,3
-0.9910819466690205,0
-1.2458326968109459,1
-1.5037544990162908,2
-0.9910819466690205,3
-0.9836961261796091,0
-0.6527690062646667,1
-1.4094333926159086,2
-0.9836961261796091,3
-0.8798279958164271,0
-0.4213449949184242,1
-1.0902405564281816,2
-0.8798279958164271,3
-0.6896650889782592,0
-0.7383313481624181,1
-0.18621353366512794,2
-0.6896650889782592,3
-0.43185885301332033,0
-0.9203027906940557,1
-0.6363895250709912,2
-0.43185885301332033,3
-0.13169528883562157,0
-0.3837350667312803,1
-0.03403356689498692,2
-0.13169528883562157,3
0.18138513587265226,0
0.51466309246384,1
0.41126549704756626,2
0.18138513587265226,3
0.47667504944642775,0
0.9338943491690104,1
0.5150081848302055,2
0.47667504944642775,3
0.7252119987603969,0
0.6734169168442783,1
1.3060320715384603,2
0.7252119987603969,3
0.9026191276690334,0
0.4135126601024298,1
0.25191738233718464,2
0.9026191276690334,3
0.9914960935973882,0
0.7421772579769377,1
0.7320272983091465,2
0.9914960935973882,3
0.9831257177957048,0
1.3187413274661515,1
1.7557491613506468,2
0.9831257177957048,3
0.8783289785827706,0
1.3342664907402908,1
0.7544295944186823,2
0.8783289785827706,3
0.6873844886291138,0
0.6324626328578737,1
0.5931752419574103,2
0.6873844886291138,3
0.4290203540623317,0
-0.06072929562822421,1
0.09227362863945376,2
0.4290203540623317,3
0.12857729528184714,0
-0.1180107356678523,1
-0.10555747033465157,2
0.12857729528184714,3
-0.18447680680348488,0
0.15346317987784347,1
0.5344527416550712,2
-0.18447680680348488,3
-0.47943716228880234,0
-0.024799473381851067,1
-0.404688749307514,2
-0.47943716228880234,3
-0.7273736415730423,0
-0.7854200986356388,1
-0.4859945823511763,2
1.2726263584269577,3
-0.9039682834620116,0
-1.3943417420720274,1
-0.8382799792609776,2
-0.9039682834620116,3
-0.991900435258879,0
-1.235747907165666,1
-1.9637831454096877,2
-0.991900435258879,3
-0.9825455869226247,0
-0.6422945912449745,1
-0.9608398896385736,2
-0.9825455869226247,3
-0.8768212752331598,0
-0.42350139384470425,1
-1.4946773381953093,2
-0.8768212752331598,3
-0.6850970904837909,0
-0.7462658526729922,1
-0.5070330155204075,2
-0.6850970904837909,3
-0.42617761237244856,0
-0.9171554820211963,1
-0.49528011272655326,2
-0.42617761237244856,3
-0.12545803018028326,0
-0.36655529708128454,1
0.0027086364707213095,2
-0.12545803018028326,3
0.18756665337584894,0
0.5301151986177568,1
0.9508236012901754,2
0.18756665337584894,3
0.4821945338020326,0
0.9341786755330554,1
0.6320646041722786,2
0.4821945338020326,3
0.729528091122176,0
0.6652394434812776,1
-0.06705214681283223,2
0.729528091122176,3
0.9053084995825886,0
0.4137456406847435,1
0.7105734206498426,2
0.9053084995825886,3
0.9922949676548147,0
0.7539574429316159,1
0.5335947419511474,2
0.9922949676548147,3
0.9819557392975052,0
1.3267882837866471,1
1.2695593526126143,2
0.9819557392975052,3
0.8753049006778097,0
1.3259354234507763,1
1.1978173292108907,2
0.8753049006778097,3
0.6828029171632055,0
0.6153969271599581,1
-0.30114569007825065,2
0.6828029171632055,3
0.4233306560565299,0
-0.06879774716015619,1
0.009771896588505968,2
0.4233306560565299,3
0.12233752437845315,0
-0.11323083016304857,1
0.4787058844687421,2
0.12233752437845315,3
-0.1906546450330677,0
0.1564482580372982,1
-0.15254761983474846,2
-0.1906546450330677,3
-0.4849471367174898,0
-0.0356880586575582,1
-1.9120170464053152,2
-0.4849471367174898,3
-0.7316753261016793,0
-0.8021959920641418,1
-1.1744220070489537,2
-0.7316753261016793,3
-0.9066397627769016,0
-1.3993142430107197,1
-1.0302185238951909,2
-0.9066397627769016,3
-0.9926796868835203,0
-1.2254695527804993,1
-1.2561562820040728,2
-0.9926796868835203,3
-0.9813561807535597,0
-0.6319966495773777,1
-0.8048258765892007,2
-0.9813561807535597,3
-0.8737798699127295,0
-0.42591000807009993,1
-1.3544110927400248,2
-0.8737798699127295,3
-0.6805019913552546,0
-0.7541345436653193,1
-0.25398604638049893,2
-0.6805019913552546,3
-0.42047951326919203,0
-0.9136805816170575,1
-0.1484005074773267,2
-0.42047951326919203,3
-0.11921580873617803,0
-0.3492179774354919,1
0.8282648128291541,2
-0.11921580873617803,3
0.19374075123689216,0
0.5453430907772262,1
0.1374479724524162,2
0.19374075123689216,3
0.4876949438136289,0
0.934157872888419,1
-1.1438180905852535,2
0.4876949438136289,3
0.7338153252767228,0
0.6570737993286292,1
0.6132244275040445,2
0.7338153252767228,3
0.9079620598795547,0
0.41425391315115384,1
0.49896108787040044,2
0.9079620598795547,3
0.9930545891403699,0
0.7658492159179656,1
0.5746513375939054,2
0.9930545891403699,3
0.9807469172200416,0
1.3345781566632797,1
0.4273292523762725,2
0.9807469172200416,3
0.8722461980194915,0
1.3172845334304544,1
1.3804498735019441,2
0.8722461980194915,3
0.678194335814675,0
0.5983468719209235,1
1.5932767918401876,2
0.678194335814675,3
0.41762421220645257,0
-0.07657148311028861,1
0.48249046478927965,2
0.41762421220645257,3
0.11609291412521541,0
-0.108306675974989,1
0.31901148053651435,2
0.11609291412521541,3
-0.19682494146771917,0
0.1592212012478133,1
1.0417996088703538,2
-0.19682494146771917,3
-0.4904379279164072,0
-0.0468417907120911,1
-0.36860422647306024,2
-0.4904379279164072,3
-0.7359480674840925,0
-0.8188983107684173,1
-1.3933962023988653,2
-0.7359480674840925,3
-0.9092753778138932,0
-1.4039390726406433,1
-0.40374360170576085,2
-0.9092753778138932,3
-0.9934196707178119,0
-1.215004601039856,1
-1.63998383153448,2
-0.9934196707178119,3
-0.9801279547221746,0
-0.6218809929807696,1
-0.9745135273372425,2
-0.9801279547221746,3
-0.8707039001651372,0
-0.42856750866072996,1
-1.4844079121906189,2
-0.8707039001651372,3
-0.6758799733626942,0
-0.7619297147447383,1
0.16126919110533244,2
-0.6758799733626942,3
-0.41476478110540066,0
-0.9098769078510018,1
0.4072154970893381,2
-0.41476478110540066,3
-0.11296887142906675,0
-0.33173037665750793,1
-0.12789070477571185,2
-0.11296887142906675,3
0.19990718522480974,0
0.5603407946871095,1
0.2316470244252383,2
0.19990718522480974,3
0.49317606189947816,0
0.9338352179543776,1
-0.1991273978216802,2
0.49317606189947816,3
0.7380735316323221,0
0.6489276960533833,1
1.057059923811477,2
0.7380735316323221,3
0.9105797035920367,0
0.41503873025752613,1
2.1580714809416945,2
0.9105797035920367,3
0.9937749280054244,0
0.7778455014987788,1
1.1166826319883882,2
0.9937749280054244,3
0.9794992993811164,0
1.3421052987613162,1
0.819483174649752,2
0.9794992993811164,3
0.8691529916019989,0
1.3083174808933833,1
0.7557217007516067,2
0.8691529916019989,3
0.6735589268868876,0
0.581320523485199,1
1.1998650199799132,2
0.6735589268868876,3
0.4119012482439684,0
-0.08404896938547679,1
0.6646920404053949,2
0.4119012482439684,3
0.10984371154250268,0
-0.10324509464371982,1
0.09690942664426623,2
0.10984371154250268,3
-0.20298745202675783,0
0.1617765935343315,1
0.010646160297960006,2
-0.20298745202675783,3
-0.4959093186843856,0
-0.05825686834547483,1
-0.19588270004054387,2
-0.4959093186843856,3
-0.74019169670194,0
-0.8355190192184618,1
-1.3089512848080234,2
-0.74019169670194,3
-0.9118750243150429,0
-1.4082148677568083,1
-0.591849144559002,2
-0.9118750243150429,3
-0.9941203574899385,0
-1.2043601141245586,1
-0.8744471393672999,2
-0.9941203574899385,3
-0.9788609574138631,0
-0.6119532947755101,1
-0.2021047691227814,2
-0.9788609574138631,3
-0.8675934876676057,0
-0.4314703886578539,1
-1.8029928386968515,2
-0.8675934876676057,3
-0.6712312193409099,0
-0.7696436900747435,1
0.09252855744694999,2
-0.6712312193409099,3
-0.40903364194072966,0
-0.9057434772996391,1
-0.1626870334589397,2
-0.40903364194072966,3
-0.10671746537134207,0
-0.31409985592401474,1
0.6576748599762292,2
-0.10671746537134207,3
0.20606571141168048,0
0.5751024772278333,1
0.24158798976344054,2
0.20606571141168048,3
0.49863767124098,0
0.9332141670419926,1
-0.006301576771375661,2
0.49863767124098,3
0.7423025417455998,0
0.6408088157322468,1
0.4147967209814061,2
0.7423025417455998,3
0.9131613271729888,0
0.41610114842801627,1
0.6353773842644435,2
0.9131613271729888,3
0.9944559557552789,0
0.7899391347849288,1
1.3896063801307328,2
0.9944559557552789,3
0.978212935133212,0
1.349364206005994,1
0.34550067072214574,2
0.978212935133212,3
0.8660254037844475,0
1.2990381056766844,1
0.6413127988795282,2
0.8660254037844475,3
0.6688968737443532,0
0.5643259072756057,1
0.3060353517772775,2
0.6688968737443532,3
0.40616199055446417,0
-0.09122886918683032,1
0.4541580301993312,2
0.40616199055446417,3
0.10359016383223121,0
-0.09805299740974452,1
0.1462786913099757,2
0.10359016383223121,3
-0.20914193293757447,0
0.16410916122646121,1
0.15462333269316306,2
-0.20914193293757447,3
-0.5013610925875869,0
-0.06992931344459902,1
-0.2632232757235502,2
-0.5013610925875869,3
-0.7444060458884036,0
-0.852050116260904,1
-1.2081405117935655,2
-0.7444060458884036,3
-0.9144385994451676,0
-1.4121404647121747,1
-0.08811222053058909,2
-0.9144385994451676,3
-0.9947817194825856,0
-1.1935432445245353,1
-0.792781468722732,2
-0.9947817194825856,3
-0.9775552389476856,0
-0.6022190863213197,1
-0.8742653373729576,2
-0.9775552389476856,3
-0.864448755459864,0
-0.4346149653694934,1
-0.3780982377687,2
-0.864448755459864,3
-0.66655591318235,0
-0.7772688293431871,1
0.11670262685555255,2
-0.66655591318235,3
-0.40328632248398105,0
-0.9012795055035332,1
0.4940257832346509,2
-0.40328632248398105,3
-0.10046183785216861,0
-0.2963338642123685,1
0.0327324170868947,2
-0.10046183785216861,3
0.2122160861825064,0
0.5896224499629038,1
0.7763019050300111,2
0.2122160861825064,3
0.5040795557913226,0
0.9322983537379981,1
1.0902582894853619,2
0.5040795557913226,3
0.7465021883280687,0
0.6327248058899786,1
0.060384499442493356,2
0.7465021883280687,3
0.9157068285001675,0
0.41744202702499983,1
0.726195183207252,2
0.9157068285001675,3
0.9950976454502656,0
0.8021228659525919,1
1.3251923633362455,2
0.9950976454502656,3
0.9768878753614938,0
1.3563495210955305,1
0.8234831028101154,2
0.9768878753614938,3
0.8628635582859345,0
1.289450424882638,1
0.7224167118457174,2
0.8628635582859345,3
0.6642083608055985,0
0.547371012823432,1
0.3499956795919979,2
0.6642083608055985,3
0.4004066661677857,0
-0.09811004372156246,1
0.6330848847070666,2
0.4004066661677857,3
0.09733251836831204,0
-0.0927373806935038,1
0.5175657784780309,2
0.09733251836831204,3
-0.21528814074508024,0
0.16621377644067004,1
0.7071918953566698,2
-0.21528814074508024,3
-0.5067930339682628,0
-0.08185497337290776,1
-0.4134510624775799,2
-0.5067930339682628,3
-0.7485909483350014,0
-0.8684836400839011,1
-0.7657420979546806,2
-0.7485909483350014,3
-0.9169660017960195,0
-1.4157149000932716,1
-0.6087897620973102,2
-0.9169660017960195,3
-0.995403730534014,0
-1.1825612304959965,1
-1.211371127348088,2
-0.995403730534014,3
-0.9762108509744327,0
-0.5926837535466523,1
-1.3985678026155692,2
-0.9762108509744327,3
-0.8612698279392387,0
-0.43799738277419176,1
-0.5820596363228896,2
-0.8612698279392387,3
-0.661854239829859,0
-0.7847975327068073,1
-1.0080147893013267,2
-0.661854239829859,3
-0.3975230500839028,0
-0.8964844075980258,1
-0.9587619321118563,2
-0.3975230500839028,3
-0.09420223632761614,0
-0.2784399337327222,1
0.18123566460259716,2
-0.09420223632761614,3
0.21835806624462678,0
0.6038951725939647,1
-0.678071956328302,2
0.21835806624462678,3
0.509501500283856,0
0.9310915864769886,1
0.44094060263451884,2
0.509501500283856,3
0.7506723052527293,0
0.6246832745601522,1
0.9644765919172102,2
0.7506723052527293,3
0.9182161068802767,0
0.4190620277446418,1
2.0299681403115937,2
0.9182161068802767,3
0.9956999717068382,0
0.8143893648160155,1
1.4736524921015366,2
0.9956999717068382,3
0.9755241724818376,0
1.3630560369216447,1
1.4173878670225573,2
0.9755241724818376,3
0.8596675801807577,0
1.2795586304100541,1
1.1193122355114777,2
0.8596675801807577,3
0.6594935735358936,0
0.5304637888214624,1
1.4670923849254605,2
0.6594935735358936,3
0.39463550274943876,0
-0.10469155278878972,1
0.3456431815771284,2
0.39463550274943876,3
0.09107102268663946,0
-0.08730532152047386,1
-0.013587900910378661,2
0.09107102268663946,3
-0.2214258323215596,0
0.16808546047018658,1
-0.7410169394361579,2
-0.2214258323215596,3
-0.5122049279530896,0
-0.0940295234701699,1
-0.866886417843602,2
-0.5122049279530896,3
-0.752746238497954,0
-0.8848116731562546,1
-1.0413240089233566,2
-0.752746238497954,3
-0.9194571313902046,0
-1.418937411269618,1
-1.4912773035307396,2
-0.9194571313902046,3
-0.9959863660391041,0
-1.171421391464775,1
-1.357724204604996,2
-0.9959863660391041,3
-0.974827846674535,0
-0.5833525335703084,1
-1.283830450909205,2
-0.974827846674535,3
-0.85805683085569,0
-0.4416136140352979,1
-1.5891863763897618,2
-0.85805683085569,3
-0.6571263852691714,0
-0.7922222457111063,1
-0.17168311106668133,2
-0.6571263852691714,3
-0.39174405272040336,0
-0.8913577988184426,1
-0.2928058570499186,2
-0.39174405272040336,3
-0.08793890841106866,0
-0.2604256753083779,1
0.5043047224599732,2
-0.08793890841106866,3
0.2244914086375645,0
0.6179152563233492,1
-0.03791695809169482,2
0.2244914086375645,3
0.5149032902408048,0
0.9295978460033565,1
-0.363085969353134,2
0.5149032902408048,3
0.754812727560811,0
0.6166917853712385,1
0.8857409377355974,2
0.754812727560811,3
0.9206890630528699,0
0.4209616141383341,1
1.003557166131628,2
0.9206890630528699,3
0.9962629106985533,0
0.8267312254511935,1
0.3348415458208188,2
0.9962629106985533,3
0.9741218804387392,0
1.3694786998962705,1
1.2231468246139618,2
0.9741218804387392,3
0.8564375958933529,0
1.2693670863751398,1
1.0008243750164316,2
0.8564375958933529,3
0.6547526984397245,0
0.5136121382027119,1
0.15616201363868848,2
0.6547526984397245,3
0.3888487285913755,0
-0.11097265523974015,1
0.7563621391797792,2
0.3888487285913755,3
0.08480592447552536,0
-0.08176397289553404,1
0.7726276893706416,2
0.08480592447552536,3
-0.2275547648760657,0
0.16971938708013531,1
0.5472816758446414,2
-0.2275547648760657,3
-0.517596560461863,0
-0.10644846966243776,1
-0.7589555345130875,2
-0.517596560461863,3
-0.756871752004998,0
-0.9010263471411272,1
-0.09983952528046625,2
-0.756871752004998,3
-0.9219118896852284,0
-1.4218074368171918,1
-1.5551109654136406,2
-0.9219118896852284,3
-0.9965296029503373,0
-1.1601311233792084,1
-0.3673978562792348,2
-0.9965296029503373,3
-0.9734062807560077,0
-0.5742305114188306,1
-0.7459340323602355,2
-0.9734062807560077,3
-0.8548098913069229,0
-0.44545946412401577,1
-0.1166553385556347,2
-0.8548098913069229,3
-0.6523725365217871,0
-0.7995354641814378,1
-0.9633915368463364,2
-0.6523725365217871,3
-0.3859495589953248,0
-0.8858994948786993,1
-0.26017954070179894,2
-0.3859495589953248,3
-0.08167210186320327,0
-0.2422987737052687,1
-0.19567653459893852,2
-0.08167210186320327,3
0.2306158707424426,0
0.6316774671199674,1
-0.08832167183661244,2
0.2306158707424426,3
0.5202847119816046,0
0.927821282724701,1
-0.20301548174280404,2
0.5202847119816046,3
0.7589232914680893,0
0.6087578526622127,1
0.8887744504662007,2
0.7589232914680893,3
0.9231255991943123,0
0.4231410512604388,1
1.5810123907240055,2
2.923125599194312,3
0.9967864401570342,0
0.8391409708692811,1
1.3923346816256974,2
0.9967864401570342,3
0.9726810547031605,0
1.3756126131819928,1
1.3036098935149303,2
0.9726810547031605,3
0.8531737331933794,0
1.2588803264247823,1
0.6697329148276582,2
0.8531737331933794,3
0.6499859230536494,0
0.49682391325026465,1
0.7424032473901837,2
0.6499859230536494,3
0.3830465726031719,0
-0.11695280931112684,1
0.4616608673610233,2
0.3830465726031719,3
0.07853747156567502,0
-0.07612055912876974,1
0.8065183545347118,2
0.07853747156567502,3
-0.23367469596424634,0
0.17111088570611827,1
0.525852425233776,2
-0.23367469596424634,3
-0.5229677182158206,0
-0.11910715117894222,1
-1.4808628870040192,2
-0.5229677182158206,3
-0.7609673256616808,0
-0.9171198477774642,1
-0.4324946837617092,2
-0.7609673256616808,3
-0.924330179577305,0
-1.4243246168151622,1
-0.7961549910954973,2
-0.924330179577305,3
-0.9970334197786894,0
-1.1486978940160215,1
-1.9661958441896241,2
1.0029665802213106,3
-0.9719462094522361,0
-0.565322616840382,1
-1.4001608670294383,2
-0.9719462094522361,3
-0.8515291377333024,0
-0.4495305725498522,1
-1.192564431941972,2
1.1484708622666977,3
-0.6475928816373819,0
-0.8067297390835665,1
-1.1201846829998061,2
-0.6475928816373819,3
-0.38013979812360904,0
-0.8801095122237561,1
0.34621264651528477,2
-0.38013979812360904,3
-0.07540206458241576,0
-0.22406698291602906,1
-0.5590272604592472,2
-0.07540206458241576,3
0.2367312102916651,0
0.6451767288881004,1
0.489524850600865,2
0.2367312102916651,3
0.5256455526313313,0
0.9257662139583324,1
0.8406407699796399,2
0.5256455526313313,3
0.7630038343715347,0
0.6008889366293274,1
1.2647856774028639,2
0.7630038343715347,3
0.9255256189216821,0
0.4256004054425322,1
0.8750574939228808,2
0.9255256189216821,3
0.9972705393728314,0
0.8516110577350222,1
0.5065951526719623,2
0.9972705393728314,3
0.971201752270381,0
1.3814530398239024,1
1.499713936150779,2
0.971201752270381,3
0.8498761211906822,0
1.248103050943137,1
1.2191952827973331,2
0.8498761211906822,3
0.6451934359386879,0
0.48010691073825607,1
1.321317684666046,2
0.6451934359386879,3
0.3772292643027641,0
-0.12263167283242998,1
-0.44775622653996644,2
0.3772292643027641,3
0.0722659119205816,0
-0.07038237111643292,1
0.9120250141626954,2
0.0722659119205816,3
-0.23978538349771278,0
0.17225544455394232,1
-0.9234885019622006,2
-0.23978538349771278,3
-0.5283181887460545,0
-0.1320007433752166,1
0.1528153382917028,2
-0.5283181887460545,3
-0.7650327974578918,0
-0.933084419729005,1
-0.6698327376218607,2
-0.7650327974578918,3
-0.9267119054052857,0
-1.4264887930161674,1
-1.1990158591161169,2
-0.9267119054052857,3
-0.9974977965944998,0
-1.1371292382409128,1
-0.5506469039515405,2
-0.9974977965944998,3
-0.9704476905198037,0
-0.5566336212184699,1
-0.4893782587315244,2
-0.9704476905198037,3
-0.8482146999128027,0
-0.4538224161964861,1
-0.2896369903466075,2
-0.8482146999128027,3
-0.6427876096865406,0
-0.8137976813493719,1
-0.43032842215920175,2
-0.6427876096865406,3
-0.37431499992402123,0
-0.8739880681550118,1
-0.06416242817083384,2
-0.37431499992402123,3
-0.06912904459478793,0
-0.20573812139902736,1
0.25825644637099726,2
-0.06912904459478793,3
0.242837185378583,0
0.658408126536425,1
-0.3661642722584483,2
0.242837185378583,3
0.53098560012934,0
0.9234371210725134,1
0.15785268518418138,2
0.53098560012934,3
0.7670541948555949,0
0.5930924385084643,1
1.3187169351255918,2
0.7670541948555949,3
0.9278890272965068,0
0.4283395441941655,1
0.5867039972313043,2
0.9278890272965068,3
0.997715189196261,0
0.8641338811289854,1
0.8714157698440509,2
0.997715189196261,3
0.9696840316576898,0
1.386995405781589,1
0.6070482164411599,2
0.9696840316576898,3
0.8465448903300505,0
1.2370401241529856,1
0.937192869173425,2
0.8465448903300505,3
0.6403754266730122,0
0.46346886710980917,1
0.7019825475841682,2
0.6403754266730122,3
0.3713970338075786,0
-0.12800910330605708,1
0.9077789228049997,2
0.3713970338075786,3
0.06599149362663266,0
-0.064556761579435,1
0.05067212166015126,2
2.065991493626633,3
-0.2458865857538376,0
0.17314871359876138,1
0.4825808840687954,2
-0.2458865857538376,3
-0.5336477604021346,0
-0.14512426066100853,1
-0.9866084670553522,2
-0.5336477604021346,3
-0.7690680065743255,0
-0.9489123713966188,1
-0.8641317358225789,2
-0.7690680065743255,3
-0.929056972954357,0
-1.4283000088896198,1
-0.7233681977743702,2
-0.929056972954357,3
-0.9979227150282421,0
-1.1254327532284294,1
-1.9355702317684993,2
-0.9979227150282421,3
-0.9689107832361539,0
-0.5481681345861477,1
-0.723108160322975,2
-0.9689107832361539,3
-0.8448667089558124,0
-0.4583303122614663,1
-0.6901332934246979,2
-0.8448667089558124,3
-0.6379569107531048,0
-0.8207319666657314,1
-0.5614586163228614,2
-0.6379569107531048,3
-0.36847539481024216,0
-0.8675355808293143,1
-0.46127579233330207,2
-0.36847539481024216,3
-0.0628532900445029,0
-0.1873200672779894,1
0.38157442162329275,2
-0.0628532900445029,3
0.24893355446687046,0
0.6713669089447559,1
1.0646953014634586,2
0.24893355446687046,3
0.5363046432373872,0
0.9208386465245384,1
-0.011267994385211977,2
0.5363046432373872,3
0.7710742126987278,0
0.5853756957949348,1
0.5492211037670535,2
2.7710742126987276,3
0.9302157308286058,0
0.43135813623047553,1
0.4626464533308428,2
0.9302157308286058,3
0.9981203720381447,0
0.8767017793488019,1
1.3212009239305156,2
0.9981203720381447,3
0.9681279529021183,0
1.3922353028585217,1
1.6161119001303383,2
0.9681279529021183,3
0.8431801723862217,0
1.225696571115165,1
-0.30006238499116866,2
0.8431801723862217,3
0.6355320858443838,0
0.4469174536929981,1
2.062635160002067,2
0.6355320858443838,3
0.36555011182521946,0
-0.13308515786119696,1
-0.2980936617441541,2
0.36555011182521946,3
0.059714464883211256,0
-0.058651140262631275,1
0.2454899979767556,2
0.059714464883211256,3
-0.2519780613851505,0
0.17378650748153263,1
-0.7445150160137634,2
-0.2519780613851505,3
-0.5389562223602138,0
-0.15847255952937594,1
-0.6414968369119959,2
-0.5389562223602138,3
-0.7730727933887152,0
-0.9645960796902916,1
-0.26284932816614837,2
-0.7730727933887152,3
-0.9313652894598524,0
-1.4297585095383702,1
-0.44917916783569334,2
-0.9313652894598524,3
-0.9983081582712678,0
-1.1136160936424992,1
-0.9265811937100646,2
-0.9983081582712678,3
-0.9673355483972919,0
-0.5399306027438358,1
-0.9079975683795454,2
-0.9673355483972919,3
-0.8414852973000388,0
-0.46304942129757026,1
-1.5960944167431805,2
-0.8414852973000388,3
-0.6331009759268278,0
-0.827525340222506,1
-0.5614416923896421,2
-0.6331009759268278,3
-0.3626212137816491,0
-0.860752669130923,1
-0.10674326739617207,2
-0.3626212137816491,3
-0.0565750491838025,0
-0.1688207535026086,1
-0.023890506785618104,2
-0.0565750491838025,3
0.25502007640032726,0
0.6840484918281888,1
0.5002020520817256,2
0.25502007640032726,3
0.54160247154818,0
0.9179755907971732,1
1.1776523480666055,2
0.54160247154818,3
0.7750637288796115,0
0.5777459775048623,1
0.8048954939870728,2
0.7750637288796115,3
0.9325056374797025,0
0.4346556516262811,1
1.8137351164430644,2
0.9325056374797025,3
0.9984860718705232,0
0.8893070387482275,1
0.41091360120030385,2
0.9984860718705232,3
0.9665335775580307,0
1.397168491527688,1
0.7147056812380507,2
0.9665335775580307,3
0.8397821004585332,0
1.2140775746260124,1
0.9476683944785111,2
0.8397821004585332,3
0.6306636050425706,0
0.4304602719587002,1
0.9346990424775883,2
0.6306636050425706,3
0.3596887296445261,0
-0.13786009308060487,1
-0.5936347154122568,2
0.3596887296445261,3
0.053435073993076364,0
-0.05267296909821465,1
0.4276317739088152,2
0.053435073993076364,3
-0.2580595694288585,0
0.1741648083010826,1
0.012139552923405461,2
-0.2580595694288585,3
-0.5442433646315616,0
-0.17204034168732446,1
-0.5387550931930108,2
-0.5442433646315616,3
-0.7770469994822927,0
-0.9801279947595414,1
-1.5605009322065766,2
-0.7770469994822927,3
-0.9336367636108381,0
-1.4308647414884816,1
-0.529371225597965,2
-0.9336367636108381,3
-0.9986541110764567,0
-1.101686966782293,1
-1.6202825747471397,2
-0.9986541110764567,3
-0.9657220483153461,0
-0.5319253044815131,1
-0.8742669954036482,2
-0.9657220483153461,3
-0.8380705987052247,0
-0.4679747503542574,1
-1.0884824063059342,2
-0.8380705987052247,3
-0.6282199972956626,0
-0.8341706214176116,1
-0.2247657250970334,2
-0.6282199972956626,3
-0.3567526884142303,0
-0.8536401524169421,1
0.1029634573137087,2
-0.3567526884142303,3
-0.05029457036339392,0
-0.15024816297585064,1
-0.3659076975963092,2
-0.05029457036339392,3
0.26109651041208803,0
0.6964484604946516,1
-0.0219158948304764,2
0.26109651041208803,3
0.5468788754936502,0
0.914852909235665,1
0.8232390031293036,2
0.5468788754936502,3
0.7790225855834899,0
0.57021047948026,1
1.5290977344169114,2
0.7790225855834899,3
0.93475865666714,0
0.43823136209694874,1
1.28777504538237,2
0.93475865666714,3
0.9988122742272689,0
0.9019418986088128,1
1.6214646172204343,2
0.9988122742272689,3
0.9649009686947327,0
1.4017909036511202,1
0.6529919802968993,2
0.9649009686947327,3
0.8363508089657792,0
1.2021884720166258,1
0.7813611143251138,2
0.8363508089657792,3
0.6257701768517887,0
0.41410484882348153,1
-0.34442112993241747,2
0.6257701768517887,3
0.3538131191263455,0
-0.14233436470106314,1
0.228220493563733,2
0.3538131191263455,3
0.047153569352342196,0
-0.046629757335648205,1
0.06501219276694532,2
0.047153569352342196,3
-0.26413086931659757,0
0.1742797682999705,1
-0.3795470182003802,2
-0.26413086931659757,3
-0.5495089780708216,0
-0.1858221572843226,1
-0.7047327457437952,2
-0.5495089780708216,3
-0.7809904676459107,0
-0.9955006446770545,1
-0.983208693402361,2
-0.7809904676459107,3
-0.9358713055538179,0
-1.4316193523525058,1
-1.622169150752452,2
-0.9358713055538179,3
-0.9989605597588268,0
-1.089653127695177,1
-0.9285917708470663,2
-0.9989605597588268,3
-0.9640703468161467,0
-0.5241563489079177,1
-1.0547485365127487,2
-0.9640703468161467,3
-0.8346227482478252,0
-0.47310115621705084,1
-1.183720414362745,2
-0.8346227482478252,3
-0.6233141679382064,0
-0.8406607085154281,1
-0.18687332801011503,2
-0.6233141679382064,3
-0.35087005085134554,0
-0.8461990501360658,1
-0.8320783882164222,2
-0.35087005085134554,3
-0.04401210202242699,0
-0.13161032364845082,1
-0.32072788939054403,2
-0.04401210202242699,3
0.26716261613450415,0
0.7085625724967972,1
1.2277149388453763,2
0.26716261613450415,3
0.5521336463530784,0
0.911475708787334,1
0.9650930607472819,2
0.5521336463530784,3
0.7829506262084509,0
0.5627763197411764,1
0.8216147576674754,2
0.7829506262084509,3
0.9369746992674408,0
0.44208434140555136,1
1.374911027886656,2
0.9369746992674408,3
0.999098966204683,0
0.9145985560438284,1
0.6222233646587343,2
0.999098966204683,3
0.9632301908939109,0
1.4060986450921813,1
0.7306538584790847,2
0.9632301908939109,3
0.8328864336407863,0
1.190034751854329,1
0.6765908596688567,2
0.8328864336407863,3
0.6208519948432402,0
0.3978586320006942,1
0.5063381936969207,2
0.6208519948432402,3
0.3479235126943072,0
-0.14650862718741803,1
0.4963376114817258,2
0.3479235126943072,3
0.04087019944070891,0
-0.04052905664183298,1
0.10247670420934,2
0.04087019944070891,3
-0.2701917208838112,0
0.17412771244239444,1
-0.008370450875264779,2
-0.2701917208838112,3
-0.5547528543841179,0
-0.19981240823690494,1
-0.19124716357376542,2
-0.5547528543841179,3
-0.7849030418863868,0
-1.0107066400747837,1
-0.9849192695127585,2
-0.7849030418863868,3
-0.9380688268961656,0
-1.4320231903662548,1
-1.4469334715808675,2
-0.9380688268961656,3
-0.9992274921960805,0
-1.0775223742603066,1
-1.5765608986318125,2
-0.9992274921960805,3
-0.9623805092366342,0
-0.5166276728874946,1
-0.16035465067536825,2
-0.9623805092366342,3
-0.8311418823156798,0
-0.47842334874273856,1
-1.1847657153483084,2
-0.8311418823156798,3
-0.6183836819162188,0
-0.8469885832557507,1
-0.3368172224298664,2
-0.6183836819162188,3
-0.3449735337946221,0
-0.838430581321213,1
-0.9570565184378783,2
-0.3449735337946221,3
-0.0377278926787233,0
-0.11291530358570376,1
-0.4946500251435625,2
-0.0377278926787233,3
0.2732181536084865,0
0.7203867601740193,1
0.758277890747685,2
0.2732181536084865,3
0.5573665762616357,0
0.9078492446454456,1
0.9790087040523767,2
0.5573665762616357,3
0.7868476953716022,0
0.5554505338879179,1
0.01831663548669704,2
0.7868476953716022,3
0.9391536776197644,0
0.4462134658960633,1
0.907146748727187,2
0.9391536776197644,3
0.9993461364619816,0
0.9272691709280378,1
0.42545673707964826,2
0.9993461364619816,3
0.9615213102471286,0
1.4100879982182755,1
1.5304692540460778,2
0.9615213102471286,3
0.8293891115250737,0
1.1776220505496613,1
0.38667138588487016,2
0.8293891115250737,3
0.61590925356719,0
0.38172898540088296,1
-0.45617719242404586,2
0.61590925356719,3
0.3420201433256552,0
-0.1503837331804438,1
0.31032358848592634,2
0.3420201433256552,3
0.03458521281177542,0
-0.03437845617446834,1
0.4608215531610692,2
0.03458521281177542,3
-0.27624188437908653,0
0.17370514088258354,1
-0.38105985728859115,2
-0.27624188437908653,3
-0.5599747861375816,0
-0.21400535164878437,1
-0.5005272810464154,2
-0.5599747861375816,3
-0.7887845674326381,0
-1.0257386787278788,1
-0.13585318832993132,2
-0.7887845674326381,3
-0.9402292407097527,0
-1.4320773037995644,1
-0.922301976539905,2
-0.9402292407097527,3
-0.9994548978290696,0
-1.0653025422468634,1
-0.8707014634478923,2
-0.9994548978290696,3
-0.9606526024223266,0
-0.509343038587827,1
0.6955335887258504,2
-0.9606526024223266,3
-0.8276281386027271,0
-0.4839358942881826,1
-0.3829933088847587,2
-0.8276281386027271,3
-0.6134287342666792,0
-0.8531473154110456,1
-0.9270523231896444,2
-0.6134287342666792,3
-0.33906337049467,0
-0.8303361639559819,1
-0.11020123561850581,2
-0.33906337049467,3
-0.0314421909190875,0
-0.09417120600916981,1
-0.5367398024423685,2
-0.0314421909190875,3
0.2792628832928337,0
0.7319171330841353,1
0.07391119337117669,2
0.2792628832928337,3
0.562577458218416,0
0.9039789168000477,1
0.7186778452901954,2
0.562577458218416,3
0.790713638915095,0
0.5482400705563476,1
0.2824918602830577,2
0.790713638915095,3
0.941295505529494,0
0.4506174151527038,1
0.7608301524831897,2
0.941295505529494,3
0.9995537752217639,0
0.9399458708536779,1
0.5612455017006182,2
0.9995537752217639,3
0.9597743943531812,0
1.4137554242929777,1
1.5372388031147688,2
0.9597743943531812,3
0.8258589809635439,0
1.1649561488708793,1
1.4096407783666791,2
0.8258589809635439,3
0.6109421485454473,0
0.3657231845872906,1
-0.7418916688664382,2
0.6109421485454473,3
0.3361032445422191,0
-0.15396073281887046,1
-0.2991717894968346,2
0.3361032445422191,3
0.02829885808309378,0
-0.02818557763139431,1
0.8905378134536308,2
0.02829885808309378,3
-0.2822811204739669,0
0.17300873132204675,1
-0.25031989986126013,2
-0.2822811204739669,3
-0.5651745667654114,0
-0.22839510332201185,1
-1.2892451988134184,2
-0.5651745667654114,3
-0.7926348907416807,0
-1.0405895500838638,1
-1.1316965602562876,2
-0.7926348907416807,3
-0.9423524615343066,0
-1.431782940241252,1
-1.785826966145596,2
-0.9423524615343066,3
-0.9996427676622297,0
-1.053001500347926,1
-1.1776900707015865,2
-0.9996427676622297,3
-0.9588866947246444,0
-0.5023060311381372,1
-1.579832213218955,2
-0.9588866947246444,3
-0.8240816561033703,0
-0.48963321923118525,1
-0.5073810135379118,2
-0.8240816561033703,3
-0.6084495209942034,0
-0.8591300672880362,1
-0.573541720385843,2
-0.6084495209942034,3
-0.3331397947420689,0
-0.8219174142159171,1
0.40439870252662813,2
-0.3331397947420689,3
-0.025155245389360335,0
-0.07538616431541342,1
0.4669149724910499,2
-0.025155245389360335,3
0.2852965660740366,0
0.7431499803241101,1
-0.0783788764761128,2
0.2852965660740366,3
0.5677660860947191,0
0.8998702664975056,1
0.894438122340359,2
0.5677660860947191,3
0.7945483039124343,0
0.5411517869283248,1
2.094405916696929,2
0.7945483039124343,3
0.9434000982715663,0
0.4552946727843321,1
1.3531476380303795,2
0.9434000982715663,3
0.9997218742703883,0
0.9526207561065407,1
1.0962499570447592,2
0.9997218742703883,3
0.9579895123154859,0
1.417097565755631,1
2.2134567257710964,2
0.9579895123154859,3
0.8222961815988202,0
1.1520429683667968,1
0.6423257921070094,2
0.8222961815988202,3
0.6059508762635414,0
0.34984841228696967,1
0.6936106852075432,2
0.6059508762635414,3
0.3301730504008564,0
-0.15724087293641997,1
-0.18650332183240548,2
0.3301730504008564,3
0.022011383926220845,0
-0.021958070279296395,1
-0.7866487828505332,2
0.022011383926220845,3
-0.2883091902722002,0
0.17203534125421371,1
-0.05428721766792058,2
-0.2883091902722002,3
-0.5703519905779055,0
-0.2429756413580455,1
-0.6360948102947537,2
-0.5703519905779055,3
-0.7964538595049143,0
-1.055252139735812,1
-0.3108856180712768,2
-0.7964538595049143,3
-0.9444384053808299,0
-1.43114154575883,1
-1.754534047762547,2
-0.9444384053808299,3
-0.9997910942639268,0
-1.0406271451954687,1
-1.0133043224998584,2
-0.9997910942639268,3
-0.9570828559982704,0
-0.4955200564011131,1
0.037127143407571284,2
-0.9570828559982704,3
-0.8205025751071034,0
-0.49550961358023776,1
-0.9138006576064832,2
-0.8205025751071034,3
-0.6034462390634264,0
-0.864930098171327,1
-1.1758370449714088,2
-0.6034462390634264,3
-0.32720304085774593,0
-0.81317614558385,1
-0.5686902252131066,2
-0.32720304085774593,3
-0.01886730478446917,0
-0.056568337075674116,1
-0.5361394174892224,2
-0.01886730478446917,3
0.29131896327557155,0
0.7540817727364298,1
0.005334779590724148,2
0.29131896327557155,3
0.5729322546420168,0
0.8955289726113693,1
-0.4499638260977157,2
0.5729322546420168,3
0.7983515386743859,0
0.5341924443014165,1
0.8374363945519508,2
0.7983515386743859,3
0.9454673725938616,0
0.4602435273339604,1
1.187391377590763,2
0.9454673725938616,3
0.9998504269583008,0
0.9652859046609523,1
1.1321256734566427,2
0.9998504269583008,3
0.9561667347392531,0
1.4201112483875022,1
1.6119759219100604,2
0.9561667347392531,3
0.8187008543658165,0
1.1388885677022986,1
1.7053001328216277,2
0.8187008543658165,3
0.6009356341631302,0
0.3341117539620845,1
-0.331839346456666,2
0.6009356341631302,3
0.3242297954843535,0
-0.16022559613371218,1
-0.2681401243093233,2
0.3242297954843535,3
0.015723039057051878,0
-0.01570360596521081,1
-0.02747707753046566,2
0.015723039057051878,3
-0.2943258553192977,0
0.17078201009501665,1
0.4136162189428008,2
-0.2943258553192977,3
-0.5755068527698797,0
-0.2577408098476681,1
-0.6788727212045258,2
-0.5755068527698797,3
-0.8002413226540069,0
-1.0697194338340446,1
-1.0760108004500817,2
-0.8002413226540069,3
-0.9464869897348478,0
-1.4301547639335002,1
-0.4276203126574887,2
-0.9464869897348478,3
-0.999899871766749,0
-1.028187396358619,1
-1.4517425141492337,2
-0.999899871766749,3
-0.9552411575982916,0
-0.4889883388584496,1
-1.2294768103726366,2
-0.9552411575982916,3
-0.8168910371928988,0
-0.5015592346716379,1
-0.213393042195138,2
-0.8168910371928988,3
-0.5984190863909412,0
-0.8705407687067006,1
-0.9839362194946222,2
-0.5984190863909412,3
-0.3212533436841346,0
-0.8041143678418069,1
-1.1676620990475919,2
-0.3212533436841346,3
-0.012578617838760736,0
-0.03772590302048314,1
0.14657024148176928,2
-0.012578617838760736,3
0.2973298366671798,0
0.7647091650007609,1
0.42344489782207256,2
0.2973298366671798,3
0.5780757595003533,0
0.8909608479262896,1
0.9624424909751728,2
0.5780757595003533,3
0.8021231927550474,0
0.5273687037196342,1
1.3073402290209453,2
0.8021231927550474,3
0.9474972467204406,0
0.4654620733123831,1
1.2937636211922245,2
0.9474972467204406,3
0.9999394282002937,0
0.9779333771891116,1
0.5950933496049995,2
0.9999394282002937,3
0.9543061337287563,0
1.4227934833624578,1
1.171979689363095,2
0.9543061337287563,3
0.8150731414862608,0
1.1254991389078786,1
0.30381914925620046,2
0.8150731414862608,3
0.5958966206339191,0
0.318520193441905,1
0.2744252305019603,2
0.5958966206339191,3
0.31827371489230777,0
-0.16291653972600856,1
-0.3360776443042815,2
0.31827371489230777,3
0.009434072225868392,0
-0.00942987411343351,1
1.0751805469926288,2
0.009434072225868392,3
-0.3003308776117496,0
0.16924596119813362,1
-0.812283118142943,2
-0.3003308776117496,3
-0.580638949428581,0
-0.2726843226449435,1
-0.7346162895645739,2
-0.580638949428581,3
-0.803997130366939,0
-1.0839845234357322,1
-1.3167318567789557,2
-0.803997130366939,3
-0.9484981335598031,0
-1.4288244347709498,1
0.10444885635427337,2
-0.9484981335598031,3
-0.9999690958677468,0
-1.015690191327316,1
-1.2721136481941966,2
-0.9999690958677468,3
-0.9533616723774223,0
-0.4827139196126551,1
-0.6973559392508186,2
-0.9533616723774223,3
-0.8132471852237366,0
-0.5077761109510153,1
-0.18292099657088834,2
-0.8132471852237366,3
-0.5933682618376489,0
-0.8759555452202867,1
-0.6707072211710892,2
-0.5933682618376489,3
-0.31529093857551005,0
-0.7947342859378395,1
-0.43639769539738316,2
-0.31529093857551005,3
-0.006289433316048187,0
-0.018867056010696995,1
-0.004126794924575434,2
-0.006289433316048187,3
0.3033289484746174,0
0.7750289976104016,1
-0.5797255406115578,2
0.3033289484746174,3
0.5831963972062878,0
0.8861718353380336,1
0.06013249637719287,2
0.5831963972062878,3
0.8058631169576623,0
0.5206871216687305,1
0.8850153942816031,2
0.8058631169576623,3
0.9494896403548184,0
0.4709482123556923,1
1.0648562339956646,2
0.9494896403548184,3
0.999988874475714,0
0.990555222083454,1
1.1751484772551732,2
0.999988874475714,3
0.952407782884447,0
1.425141469181388,1
1.162423882772126,2
0.952407782884447,3
0.8114131864628745,0
1.11188100354446,1
0.8756546688313294,2
0.8114131864628745,3
0.5908340350059937,0
0.30308060862112124,1
1.210865426013922,2
0.5908340350059937,3
0.3123050442315054,0
-0.16531553456764797,1
0.9880871067304866,2
0.3123050442315054,3
0.003144732207725596,0
-0.0031445767116234065,1
0.08562572236430377,2
0.003144732207725596,3
-0.3063240196067658,0
0.1674246037534372,1
-0.5344771017254527,2
-0.3063240196067658,3
-0.5857480775418467,0
-0.28779976722491224,1
-0.3873928937537317,2
-0.5857480775418467,3
-0.8077211340738284,0
-1.0980406087881907,1
-0.5583801153896095,2
-0.8077211340738284,3
-0.9504717573001138,0
-1.427152593488824,1
-1.0567892350343209,2
-0.9504717573001138,3
-0.9999987638285974,0
-1.0031434804866755,1
-0.4716199982589321,2
-0.9999987638285974,3
-0.951444474683175,0
-0.47669965450576485,1
-0.9131888648740814,2
-0.951444474683175,3
-0.809571163340758,0
-0.5141541458377406,1
-1.0517048853585271,2
-0.809571163340758,3
-0.5882939652008021,0
-0.8811680039717278,1
-0.5777485729973,2
-0.5882939652008021,3
-0.30931606138883916,0
-0.7850382987304083,1
0.046366580432828264,2
-0.30931606138883916,3
1.964386723728472e-15,0
5.893160171185416e-15,1
0.09931384597391388,2
1.964386723728472e-15,3
